veg_class,year,month,CR,EVI,MNDWI,NDRE,NDVI,NDWI,RVI,VH,VV,composite_productivity,sar_productivity,composite_productivity_norm,sar_productivity_norm,stage_ft,stage_count,precip_mm,tmax_c,soil_moisture_mm,pet_mm,pdsi,stage_missing,climate_missing
Beakrush,2023,1,-10.64769717100312,-0.0147640017400049,0.1549411823597842,-0.0691198413434675,0.150269206817068,-0.1714984410180202,0.3999831630172752,-28.833521378164026,-18.18582420303412,0.0221284545778651,-14.316764897295997,0.0415325655275914,0.1621617569010712,16.19483870967742,31,10.848722986247544,25.67826187449439,53.12470819369005,84.91179937593895,4.683874956662428,False,False
Beakrush,2023,2,-8.0102228911524,0.0419723895080893,-0.0864829338465236,0.0320251471340063,0.2094381603449759,-0.2618739408954289,0.6248552936891227,-22.355571414373955,-14.345348520812715,0.0944785656623572,-11.021571883162489,0.1345445120160368,0.4909892740129666,15.809642857142858,28,10.866173581416843,28.433294811048174,34.717912862591014,97.00948803883044,3.2948965676643933,False,False
Beakrush,2023,3,-6.611906875863377,0.0819395670197683,-0.2579442176056228,0.1006499683712641,0.2525101200314273,-0.3261571191288004,0.7503179598305167,-18.12019054240624,-11.508283666380422,0.1450332184741533,-8.87251578120488,0.1995366259408019,0.7054437169272041,15.008387096774193,31,28.24118802727377,29.62740090142146,26.307662082514724,137.55139258060785,2.26184560268115,False,False
Beakrush,2023,4,-6.452749125136045,0.105137530795032,-0.3594426689175132,0.136754622368306,0.2794850858764222,-0.3643479757181349,0.7763711614414572,-16.127378762260875,-9.674629639737224,0.1737924130132534,-7.869596591423171,0.2365089073018866,0.8055250856437838,14.314666666666666,30,181.9708771524326,30.91073616086905,57.17603143418464,142.006390847105,4.134114180053159,False,False
Beakrush,2023,5,-7.346311854214711,0.1248119338145039,-0.4006566800544327,0.1751194991191526,0.3262903564596915,-0.4030868530184086,0.7172419372978368,-16.156679922964024,-8.810368082522844,0.2087405964644494,-7.899029480600936,0.2814376367855897,0.8025879757906607,13.953225806451613,31,110.5875418929851,31.746365422396845,39.40318964520974,168.78529989598977,3.7682341384490905,False,False
Beakrush,2023,6,-9.779225669229252,0.1036177170132137,-0.3601516108444412,0.0947277490351153,0.262668513993683,-0.3386634770284494,0.5321033326421557,-19.07371218198705,-9.294486518285453,0.1536713266806707,-9.4038302592149,0.2106416159155611,0.6524238119139681,14.194666666666667,30,202.24176586155085,32.96892407257598,78.29684502484683,153.21518548480296,3.421560152548248,False,False
Beakrush,2023,7,-12.442844493273949,0.0663162752407087,-0.2740450447087075,0.0060971060296841,0.2141423963576977,-0.2837738974158534,0.3332770987961375,-22.419302858939417,-9.976458367430272,0.0955185925426969,-11.126332155211877,0.1358815510763878,0.4805352399086776,14.896129032258063,31,189.7768404021726,34.69369004969374,96.20873685427016,162.05787588119722,3.2566450941869878,False,False
Beakrush,2023,8,-14.486461501649424,0.0246456544350837,-0.0927752428571616,-0.1021948298552509,0.1443036895112486,-0.1872265755301733,0.2101124580242671,-26.45891517425964,-11.97245367397607,0.0222515046970271,-13.176929472965217,0.0416907564540093,0.2759060052322826,15.324516129032258,31,219.71466543395357,34.81335952848722,125.39326245232866,158.19248815439727,3.4368658268808487,False,False
Beakrush,2023,9,-15.034109449916848,0.0097133377119202,-0.0394762834324624,-0.1534518233942849,0.113204501644269,-0.1381905569643821,0.1901920331830724,-28.97921787222958,-13.945108428268304,-0.0101779946793651,-14.442060929307916,0.0,0.149658458024879,15.446333333333333,30,218.83254362648785,33.258511498902095,125.41852536692473,129.9418120882931,3.997133941985437,False,False
Beakrush,2023,10,-14.784385985856328,0.005756351913293,-0.0253159387466539,-0.1411112322536575,0.1416209695589966,-0.1628087325924047,0.204057851765203,-29.819854764740487,-15.035468784479182,0.0020886964062106,-14.858912920827697,0.0157698281003252,0.1080607717022032,16.174193548387095,31,52.76655495203973,30.89432566739858,76.7766670518895,127.0104356870449,3.287496821911475,False,False
Beakrush,2023,11,-13.485428469460787,0.0151487936980532,-0.0563108925085176,-0.0740500109455769,0.2174622367865141,-0.2421634775037125,0.2800909549861419,-29.20265468632887,-15.717226222160487,0.0528536731796634,-14.531304605741,0.0810323305673277,0.1407528259682557,16.04,30,129.881428406333,28.30137524557956,95.47457529180626,92.01225008667512,4.276210562810586,False,False
Beakrush,2023,12,-11.13723690073023,0.037890663066201,-0.1324611447180537,0.0477318405299571,0.3407283033268222,-0.3762547916983058,0.4182913428458889,-27.12761763699472,-15.99038074131222,0.1421169356409934,-13.45923598404782,0.1957875074010078,0.2477346208230372,15.893870967741934,31,111.34519819715705,25.379637120073955,109.91108286143528,80.7618976077661,5.553664624985551,False,False
Beakrush,2024,1,-13.240264575143836,0.0025644429515588,0.23380186710597,-0.0843529864212569,0.0986950062671617,-0.0778804585599678,0.3160232448295375,-32.04159964036688,-18.801335070961287,0.0056354875991545,-15.941794010410618,0.0203295163675419,0.0,16.130967741935486,31,69.3285565699757,24.821530105165834,102.72956200161786,75.44114180053161,5.8571697677106185,False,False
Beakrush,2024,2,-11.669273108021676,0.0296176649056399,0.0107956860846811,-0.0191223860013268,0.151277033463524,-0.1847888887064953,0.3976140544655515,-27.46658592828864,-15.797312826638182,0.0539241041226123,-13.633889452120735,0.0824084565205949,0.2303059403132551,16.302758620689655,29,95.20547786894714,24.432994337224084,104.02871836357323,86.58950652952731,6.323879579336646,False,False
Beakrush,2024,3,-10.24481772667404,0.0578114954445315,-0.17693796265122,0.0417315279786165,0.203502001631014,-0.2753421055387721,0.4840195360212661,-23.571382429782325,-13.326564709163517,0.1010150083513873,-11.664686332399654,0.1429476402006897,0.4268128428739094,15.720967741935485,31,146.1535883508609,28.838518432913425,116.20179128625904,114.70615971339416,7.28428290766208,False,False
Beakrush,2024,4,-8.966898431100914,0.0871459345682337,-0.329399079101734,0.0982087555185734,0.2553699107696318,-0.3495401090567985,0.5752396894966815,-20.35598914484793,-11.389090718537284,0.1469082002854796,-10.034184651247362,0.2019470674078265,0.5895207076819637,14.777999999999999,30,20.448514965907773,29.410273893447357,45.67791517392811,162.5548826996417,7.542050156015254,False,False
Beakrush,2024,5,-7.096248769133094,0.1325089481464118,-0.501940915262196,0.1762985808010981,0.3317341585131809,-0.4333604789663751,0.7384200466799618,-16.304291582648553,-9.208042813190836,0.2135138958202302,-7.96754077957313,0.2875741009540378,0.7957512289784071,13.608064516129033,31,54.31595978273431,33.871778573905,31.7291459609384,177.0796255633884,5.9464151161446885,False,False
Beakrush,2024,6,-6.422919380330932,0.1676249493878792,-0.5485999710264907,0.2259462349368271,0.3790161637960514,-0.4628199721846318,0.7993713581383419,-14.715407624362976,-8.292488243331741,0.2575291160402526,-7.157860972471826,0.3441592429312334,0.8765492276033133,13.127333333333333,30,342.5661620247312,33.37382410724603,125.41852536692473,151.43195423552518,6.659791979660234,False,False
Beakrush,2024,7,,0.1745815526578621,-0.5526118662410021,0.2448078762007903,0.4135901614465822,-0.4707566391286347,,,,0.2776598634350782,,0.3700389543980659,,13.528387096774193,31,217.24927770715357,34.521795908933306,125.41852536692473,156.47926730613656,6.790134057552292,False,False
Beakrush,2024,8,-8.410172602333443,0.13700516050115,-0.4804639160170701,0.1534504039763486,0.3408527562505633,-0.4154340515072616,0.6754256346618779,-18.380094003605983,-9.96992140035239,0.210436106909354,-9.021190592907484,0.2836173532284283,0.6906074481625044,13.985806451612904,31,251.05396972148375,34.30658731075927,125.41852536692473,149.59214145383098,7.2014422743557125,False,False
Beakrush,2024,9,-11.158656184583286,0.0853441336881429,-0.3895178073624035,0.0526271335779854,0.2584027416505828,-0.3450388822481889,0.4812960802701434,-23.34889933855826,-12.190243151749485,0.1321246696389037,-11.554125648655225,0.1829416375501749,0.437845700424269,14.858,30,206.72009707615848,33.737351207673626,125.41852536692473,128.42005084941638,7.235292961978502,False,False
Beakrush,2024,10,-11.90775505756655,0.0583769319905341,-0.3701518898410973,0.0289378254228575,0.2500522115558997,-0.351501958150547,0.4136924630774103,-25.221502891840405,-13.31374783217996,0.1124556563230971,-12.507328329627375,0.1576555227593649,0.3427255452333305,15.86516129032258,31,148.93713163064828,30.84186987172078,125.41852536692473,119.5408297700219,7.416782618744942,False,False
Beakrush,2024,11,-12.012290485048698,0.0358407460600614,-0.3741758384882254,0.0303852842210189,0.2644895257208816,-0.3857042929653555,0.3805458375469123,-26.389181008791237,-14.376890522004832,0.1102385186673206,-13.09945404457446,0.1548052121529891,0.2836372830802393,16.026,30,17.326360799722643,28.480735005200497,75.10265803767479,96.0326823067144,6.580871374089909,False,False
Beakrush,2024,12,-11.472262467029736,0.0177355758967246,-0.401589653303788,0.0569695099724699,0.3017146841455288,-0.4476458866926145,0.38185620367865,-26.85193368941075,-15.379671221224095,0.1254732566715745,-13.330502793496484,0.1743907057310476,0.2605809139649944,15.398387096774194,31,36.89968796949035,25.03215069917947,53.69633653068298,82.65476713278628,6.103562926152778,False,False
Beakrush,2025,1,-5.889441640492937,0.0919182239464777,-0.4940995841127175,0.2102572470267308,0.3907258705149709,-0.5253408368926006,0.8814901533978767,-14.10031117735923,-8.210869541043445,0.2309671138293931,-6.8297830513744335,0.3100116308373525,0.9092881438825638,14.705483870967742,31,,,,,,False,True
Beakrush,2025,2,-7.13140805939533,0.1098450560209049,-0.5387714162026995,0.20139643228572,0.3446362450119672,-0.4590071177788016,0.7538702965955459,-16.90772439121811,-9.776316335669325,0.2186259111061974,-8.265394622421805,0.2941460119725463,0.7660283753591871,14.032142857142857,28,,,,,,False,True
Beakrush,2025,3,-8.011434884321458,0.1238616282227943,-0.5703782264529198,0.1964956034216727,0.3153848572836792,-0.4136686311331997,0.6635611754237121,-18.922453048283018,-10.911018165930086,0.2119140296427154,-9.295336230777712,0.2855173429883464,0.663250437801875,13.128387096774194,31,,,,,,False,True
Beakrush,2025,4,-8.529522115271323,0.1339679405521458,-0.5889200148633782,0.195554760434589,0.3029717073301068,-0.3893253769557948,0.6105627898823744,-20.14449714855396,-11.614975031825733,0.2108314694389472,-9.91960787644216,0.2841256238847529,0.6009543312106268,11.962333333333333,30,,,,,,False,True
Beakrush,2025,5,-9.002744818620588,0.1384575038157988,-0.5871440775710461,0.1987319316287031,0.3102003844334627,-0.3867218577789241,0.5514156645856105,-21.33045821584325,-12.327713388830714,0.2157966066259883,-10.527375189677237,0.2905087111727534,0.5403051929854386,11.063870967741936,31,,,,,,False,True
Beakrush,2025,6,-8.272956199792485,0.1418458528446181,-0.5817030803223403,0.2039342151615787,0.3304043305847448,-0.4052988777074229,0.6385592153546725,-20.127026143703205,-11.854069933216188,0.2253947995303139,-9.903873265339302,0.3028479680366488,0.6025244890373406,11.089333333333334,30,,,,,,False,True
Beakrush,2025,7,-8.232779111759648,0.1387373249984188,-0.5485053888216964,0.210104147594629,0.3671664459630226,-0.4409434958844439,0.6535157624730187,-18.37155106101104,-10.13877194019116,0.2386693061853568,-9.022396587622207,0.3199134249399211,0.6904871018744443,11.732903225806453,31,,,,,,False,True
Beakrush,2025,8,-8.616457562529924,0.1340990299425888,-0.5361602385816018,0.2238564731435857,0.4071047903868342,-0.4794711591010787,0.6171340835076684,-17.337210362429875,-8.720752792078622,0.2550200978243362,-8.514321658382688,0.3409336961485227,0.7411879308614118,12.226451612903226,31,,,,,,False,True
Beakrush,2025,9,-9.191462479047749,0.1352541146160708,-0.5519617832993625,0.2414695251398057,0.4405838604296736,-0.5114022519170647,0.5465837615021434,-17.976616964502945,-8.785154484353331,0.2724358333951833,-8.851662541600469,0.3633230393118086,0.7075246630124401,13.061333333333332,30,,,,,,False,True
Beakrush,2025,10,-9.311842984094543,0.1320624157648041,-0.5893363320183331,0.2526344680040223,0.4459374725635487,-0.5254687791967183,0.5266496311146577,-18.60069754274088,-9.288854558259048,0.2768781187774584,-9.168686363494952,0.3690339581213187,0.6758888359844749,13.84032258064516,31,,,,,,False,True
Beakrush,2025,11,-9.124768879197878,0.12785810777868,-0.652898354271453,0.2633901117949784,0.4348490588755432,-0.5299210867986015,0.5360452360998462,-19.469868279884373,-10.34509939888314,0.2753657594830672,-9.600922830466386,0.3670896973641107,0.6327559318936326,13.808333333333334,30,,,,,,False,True
Beakrush,2025,12,-8.63024016435775,0.1226411906576986,-0.742647850058722,0.273736456512674,0.407318619365657,-0.524759174722714,0.5747705764577093,-20.58412917593342,-11.953889006225614,0.2678987555120099,-10.14837194251477,0.3574902570401848,0.5781259507399131,13.55258064516129,31,,,,,,False,True
Broadleaf Marsh,2023,1,-12.248722270768583,0.0936929738648303,-0.443285920891189,0.3455671775303485,0.6434992504173375,-0.6349777094574758,0.1931183501236441,-15.22178329507198,-2.973061020987984,0.3609198006041721,-7.562612059176226,0.4770763687782495,0.8361590913295064,16.19483870967742,31,10.848722986247544,25.67826187449439,53.12470819369005,84.91179937593895,4.683874956662428,False,False
Broadleaf Marsh,2023,2,-9.231260308515417,0.1573698385044512,-0.4215715014414967,0.3165602204990967,0.572897939563916,-0.5969943182199644,0.5237810873008327,-14.317813914264256,-5.086553603963052,0.3489426661891546,-7.027961684860472,0.4616787893053783,0.8895118856438706,15.809642857142858,28,10.866173581416843,28.433294811048174,34.717912862591014,97.00948803883044,3.2948965676643933,False,False
Broadleaf Marsh,2023,3,-7.156226237461061,0.2038443042115048,-0.3973347026671657,0.2942322513052924,0.5228270754171727,-0.565977428288284,0.7485487150796217,-13.630854121917254,-6.474627884330197,0.3403012103113232,-6.628289882157223,0.4505694956271355,0.929395159849313,15.008387096774193,31,28.24118802727377,29.62740090142146,26.307662082514724,137.55139258060785,2.26184560268115,False,False
Broadleaf Marsh,2023,4,-6.023620057605514,0.233116370985991,-0.3705755245681961,0.2785832699489355,0.4932866579771073,-0.5419270396624345,0.8674212334600117,-13.16090391803098,-7.137283862089419,0.3349954329706779,-6.363596651066475,0.443748487743521,0.9558089139458338,14.314666666666666,30,181.9708771524326,30.91073616086905,57.17603143418464,142.006390847105,4.134114180053159,False,False
Broadleaf Marsh,2023,5,-5.671832644330141,0.2555846403648563,-0.3362453194823391,0.2763503404431647,0.4903967205549722,-0.527804116307869,0.908527133517994,-13.022353445744656,-7.350520804392743,0.3407772337876644,-6.284044940237386,0.451181462484477,0.9637473841482572,13.953225806451613,31,110.5875418929851,31.746365422396845,39.40318964520974,168.78529989598977,3.7682341384490905,False,False
Broadleaf Marsh,2023,6,-6.516480194597103,0.2442359459331164,-0.3013314274987828,0.2700013647737653,0.4978422585480009,-0.5103896019281202,0.8081974030721537,-13.03130621496368,-6.51482602302297,0.3373598564182942,-6.3136037573779005,0.4467881462027717,0.96079770793585,14.194666666666667,30,202.24176586155085,32.96892407257598,78.29684502484683,153.21518548480296,3.421560152548248,False,False
Broadleaf Marsh,2023,7,-7.463514959696862,0.2182205882905782,-0.2777470024571211,0.2768623586961263,0.5367842191100675,-0.5108035151337997,0.6782504407123446,-12.880572014475394,-5.417057055741262,0.3439557220322573,-6.270723397300293,0.455267667385738,0.965076741751686,14.896129032258063,31,189.7768404021726,34.69369004969374,96.20873685427016,162.05787588119722,3.2566450941869878,False,False
Broadleaf Marsh,2023,8,-8.716688317362227,0.1905908944979813,-0.2525543381183054,0.2933244139701123,0.599368434124349,-0.5291603014011821,0.5202291682669764,-12.956060139533824,-4.239371829215721,0.3610945808641475,-6.347972779461199,0.4773010630039305,0.9573680210711532,15.324516129032258,31,219.71466543395357,34.81335952848722,125.39326245232866,158.19248815439727,3.4368658268808487,False,False
Broadleaf Marsh,2023,9,-9.392439897325556,0.1805664430874763,-0.275087264803045,0.3212887853452533,0.6601354001467254,-0.5604486421508801,0.4667166762062488,-13.25789305096222,-3.86545315627574,0.387330209526485,-6.512267357089317,0.5110290953822404,0.9409730548871744,15.446333333333333,30,218.83254362648785,33.258511498902095,125.41852536692473,129.9418120882931,3.997133941985437,False,False
Broadleaf Marsh,2023,10,-9.989646851848835,0.1726133763665582,-0.3155411548386196,0.3326129182972271,0.6726042389625171,-0.5857514467562449,0.4150192465464726,-13.668197283265812,-3.678550433365194,0.3926101778754341,-6.730343830483342,0.5178169237099622,0.9192111899587456,16.174193548387095,31,52.76655495203973,30.89432566739858,76.7766670518895,127.0104356870449,3.287496821911475,False,False
Broadleaf Marsh,2023,11,-10.462750483991377,0.1687941898726427,-0.3789155255558729,0.3367723812657285,0.6559815894533767,-0.611353560487403,0.383272189664624,-14.243020843863889,-3.7802703612690864,0.3871827201972493,-7.025692374864931,0.5108394858655049,0.8897383402303517,16.04,30,129.881428406333,28.30137524557956,95.47457529180626,92.01225008667512,4.276210562810586,False,False
Broadleaf Marsh,2023,12,-10.811750793753175,0.1691088836057298,-0.4652103769548047,0.3337671742507572,0.6102674516193043,-0.6372549833443542,0.3714755055607033,-14.98236373275645,-4.170612939987419,0.3710478364919304,-7.398312990234086,0.4900967818488682,0.8525545057019925,15.893870967741934,31,111.34519819715705,25.379637120073955,109.91108286143528,80.7618976077661,5.553664624985551,False,False
Broadleaf Marsh,2024,1,-13.254712396262882,0.097555632799422,-0.1617316475841237,0.2063498227610917,0.408312359440021,-0.3838529201420643,0.1635427677977444,-16.630515629960154,-3.375803238631873,0.2374059383335115,-8.274372124264291,0.3182892629134962,0.7651325098884635,16.130967741935486,31,69.3285565699757,24.821530105165834,102.72956200161786,75.44114180053161,5.8571697677106185,False,False
Broadleaf Marsh,2024,2,-11.06561771444306,0.1405206327493847,-0.2923599736920533,0.2387494203539591,0.45293917260277,-0.4688134046205242,0.3753739943684684,-15.45169442837646,-4.386076715838514,0.2774030752353713,-7.632003716072392,0.3697088323024396,0.8292344935449221,16.302758620689655,29,95.20547786894714,24.432994337224084,104.02871836357323,86.58950652952731,6.323879579336646,False,False
Broadleaf Marsh,2024,3,-9.192780034495112,0.1787163624222912,-0.3889777744241606,0.2661086655796419,0.4869339600987818,-0.5303660836227547,0.5595635376687952,-14.553776885644236,-5.360996850750211,0.310586329366905,-7.136997558305192,0.4123686017392867,0.8786311890087505,15.720967741935485,31,146.1535883508609,28.838518432913425,116.20179128625904,114.70615971339416,7.28428290766208,False,False
Broadleaf Marsh,2024,4,-7.63619935641904,0.2121428218181417,-0.4515850497804456,0.2884275584381404,0.5102967219280565,-0.5685109571487561,0.7161113976987251,-13.93676300176348,-6.300563643366965,0.3369557007281128,-6.78935365096269,0.4462685712240373,0.9133225962799486,14.777999999999999,30,20.448514965907773,29.410273893447357,45.67791517392811,162.5548826996417,7.542050156015254,False,False
Broadleaf Marsh,2024,5,-5.673062279419808,0.2563323089695553,-0.4952933435883478,0.3047306337160342,0.5119007844361285,-0.5834590584322954,0.9290038287969782,-13.465167836426785,-7.792105551253359,0.3576545757072393,-6.500332959575744,0.4728786568627615,0.942163989161975,13.608064516129033,31,54.31595978273431,33.871778573905,31.7291459609384,177.0796255633884,5.9464151161446885,False,False
Broadleaf Marsh,2024,6,-4.805828190338808,0.28086072851576,-0.4836243086506183,0.3151591527350116,0.5078562956703294,-0.5670149253274324,1.015016476031965,-13.30078765598348,-8.494959462189989,0.3679587256403669,-6.396639708120079,0.4861254788485596,0.9525115452144364,13.127333333333333,30,342.5661620247312,33.37382410724603,125.41852536692473,151.43195423552518,6.659791979660234,False,False
Broadleaf Marsh,2024,7,,0.2778826626658471,-0.4450009051642358,0.3253570091357136,0.5280514483077436,-0.559540567095036,,,,0.3770970400364348,,0.4978735245234175,,13.528387096774193,31,217.24927770715357,34.521795908933306,125.41852536692473,156.47926730613656,6.790134057552292,False,False
Broadleaf Marsh,2024,8,-6.128241405976826,0.2492894739952208,-0.3892268062619051,0.334362457381976,0.5743867558438784,-0.5555620739360387,0.8652727295849616,-13.641229127752212,-7.512987717852443,0.3860128957403584,-6.60429638049913,0.5093355814740086,0.931789472881421,13.985806451612904,31,251.05396972148375,34.30658731075927,125.41852536692473,149.59214145383098,7.2014422743557125,False,False
Broadleaf Marsh,2024,9,-7.624746186330962,0.216819333292126,-0.3506162313466033,0.3503098025150709,0.6293512078219606,-0.5599041066222648,0.6800541345009841,-13.812876472065584,-6.188130288222851,0.3988267812097192,-6.736424703029604,0.5258088724160694,0.9186043793067792,14.858,30,206.72009707615848,33.737351207673626,125.41852536692473,128.42005084941638,7.235292961978502,False,False
Broadleaf Marsh,2024,10,-8.436183775321648,0.1995986895895896,-0.3650829228491424,0.3619137238088713,0.6579901335087417,-0.5824165873510435,0.5833586792013724,-14.074640211634764,-5.638456444405974,0.4065008489690675,-6.8914804380402535,0.5356745100644711,0.903131357805816,15.86516129032258,31,148.93713163064828,30.84186987172078,125.41852536692473,119.5408297700219,7.416782618744942,False,False
Broadleaf Marsh,2024,11,-9.129359402858668,0.1866746171462366,-0.410381271554747,0.3721866183101582,0.6760671481814926,-0.6158912841857853,0.5053098571677823,-14.412622956970928,-5.283263568875644,0.4116427945459624,-7.079984017884365,0.5422848989039039,0.8843205737755694,16.026,30,17.326360799722643,28.480735005200497,75.10265803767479,96.0326823067144,6.580871374089909,False,False
Broadleaf Marsh,2024,12,-9.704273068942015,0.178047115962067,-0.4865112774634175,0.3811284860189318,0.6835822518402137,-0.6603281971264905,0.4459076684002143,-14.826824708074067,-5.122551661631865,0.4142526179404042,-7.301935442561934,0.5456400389343681,0.8621720272160397,15.398387096774194,31,36.89968796949035,25.03215069917947,53.69633653068298,82.65476713278628,6.103562926152778,False,False
Broadleaf Marsh,2025,1,-6.069757962090178,0.2018836655376839,-0.5198200450970576,0.3255507478478945,0.5473506710952062,-0.6356168887459555,0.8781826157821725,-13.222258560896316,-7.152500593356577,0.3582616948269282,-6.391583625140225,0.4736591578215875,0.9530160920514338,14.705483870967742,31,,,,,,False,True
Broadleaf Marsh,2025,2,-5.5875460650576745,0.219809258622069,-0.5616946773674996,0.2940090321883433,0.4738586969936622,-0.5785703204091962,0.9472049436519516,-13.705827478509478,-8.118281414198838,0.3292256626013581,-6.616112503528511,0.4363309791205546,0.9306103412248002,14.032142857142857,28,,,,,,False,True
Broadleaf Marsh,2025,3,-5.2597678655597,0.2354848648203227,-0.5730392411285463,0.2765401525726488,0.4323131382759862,-0.5385596632135652,0.9931490365123486,-14.03157813592625,-8.771810275310672,0.3147793852229859,-6.767501810071068,0.4177591157421387,0.9155031928501336,13.128387096774194,31,,,,,,False,True
Broadleaf Marsh,2025,4,-5.086423363596252,0.2489104841324447,-0.5538537363801975,0.2731441090008111,0.4227139949421781,-0.5155849171590623,1.0160148943633636,-14.199510533146626,-9.11308717669208,0.3149228626918113,-6.845751544767898,0.4179435676863396,0.907694646927433,11.962333333333333,30,,,,,,False,True
Broadleaf Marsh,2025,5,-5.287014193333566,0.2593818392578105,-0.5004015184970164,0.2941600433818263,0.4585281077521444,-0.5139152899926787,0.9823318884657012,-14.377720120729965,-9.0907059357095,0.3373566634639271,-6.943277090326832,0.4467840414004945,0.8979625666324158,11.063870967741936,31,,,,,,False,True
Broadleaf Marsh,2025,6,-5.492107676162458,0.2734185715494381,-0.4274397731819003,0.3154503440330292,0.5102916008935265,-0.5272223649021404,0.9493224417759988,-14.216778028177965,-8.7246703577981,0.3663868388253313,-6.871058405090631,0.4841046906267523,0.9051692737519832,11.089333333333334,30,,,,,,False,True
Broadleaf Marsh,2025,7,-5.769623494095653,0.2762222147338728,-0.3383689130317003,0.329101084990664,0.5647966401882225,-0.5453249755301792,0.906243363121013,-13.731592904588329,-7.961969415752137,0.3900399799709197,-6.639235612828776,0.5145127254665038,0.928302884700554,11.732903225806453,31,,,,,,False,True
Broadleaf Marsh,2025,8,-6.13729793614879,0.2756972482415594,-0.3094550974589821,0.3370453055819948,0.605523620464996,-0.5708399748322569,0.8550467409322652,-13.761007951626167,-7.623710012997471,0.40608872476285,-6.666742289960041,0.5351446909109037,0.9255579916681042,12.226451612903226,31,,,,,,False,True
Broadleaf Marsh,2025,9,-5.988844148444692,0.2680477714257895,-0.3573983705272964,0.3304420701871584,0.6038703372350751,-0.5925884690393548,0.8806567980231086,-13.717030199584793,-7.728186050516436,0.4007867262826743,-6.638350900130703,0.528328541059468,0.9283911702360648,13.061333333333332,30,,,,,,False,True
Broadleaf Marsh,2025,10,-5.926170091408288,0.2497507925229312,-0.4057313688015584,0.3145214558975119,0.567637692681499,-0.5889337797257556,0.8891024971225869,-13.66276886432545,-7.736598771820868,0.3773033137006474,-6.6091088076080045,0.4981387060791902,0.9313092404790378,13.84032258064516,31,,,,,,False,True
Broadleaf Marsh,2025,11,-5.815147482123568,0.2207977286918591,-0.4768533925923905,0.2892360739585703,0.498627030377545,-0.5698677628134023,0.90267488902105,-13.547277573617324,-7.732130089817423,0.3362202776759915,-6.547970064134316,0.4453231251349444,0.93741027951668,13.808333333333334,30,,,,,,False,True
Broadleaf Marsh,2025,12,-5.655776320590535,0.1811885799325733,-0.5707644418997928,0.2545859243703333,0.3968383503232131,-0.5353904183022948,0.9213739737184984,-13.370556327460418,-7.714780004506097,0.2775376182087066,-6.454934669709639,0.3698817982267303,0.9466942873489912,13.55258064516129,31,,,,,,False,True
Bulrush,2023,1,-11.78073662036718,0.035227289008063,0.2081512856740846,0.0322315484450398,0.2268209417897195,-0.232348963212236,0.3311032193313048,-20.41674429183642,-8.636007697518135,0.0980932597476074,-10.125596347597607,0.1391914949686513,0.5803987287821202,16.19483870967742,31,10.848722986247544,25.67826187449439,53.12470819369005,84.91179937593895,4.683874956662428,False,False
Bulrush,2023,2,-9.47884988453008,0.0623106514048116,0.1360048252860531,0.0803485320295885,0.271858456075713,-0.2546842834480588,0.5102049543570496,-19.760558860427267,-10.281708985978833,0.138172546503371,-9.752728194144783,0.1907166746697394,0.617607265151341,15.809642857142858,28,10.866173581416843,28.433294811048174,34.717912862591014,97.00948803883044,3.2948965676643933,False,False
Bulrush,2023,3,-8.244558953767541,0.0794952262314008,0.0772727614768241,0.1049123933893326,0.2929299137997876,-0.2587121573501622,0.607636909422287,-19.29627151516137,-11.0517125602321,0.1591125111401737,-9.49622652993468,0.2176367006527501,0.6432035822761684,15.008387096774193,31,28.24118802727377,29.62740090142146,26.307662082514724,137.55139258060785,2.26184560268115,False,False
Bulrush,2023,4,-8.07786382807955,0.0867810134878306,0.0319550942463976,0.1059231325242724,0.2900353149619435,-0.244432584918546,0.6233990845270172,-19.02388225603872,-10.946018420277948,0.1609131536580155,-9.3560913549673,0.2199515729176832,0.6571876801566023,14.314666666666666,30,181.9708771524326,30.91073616086905,57.17603143418464,142.006390847105,4.134114180053159,False,False
Bulrush,2023,5,-9.462582630491292,0.0835516801059589,-0.0094807662354802,0.0720777331296086,0.2530652464692002,-0.2052447282226143,0.5200538260980342,-18.98231216286904,-9.51972952137699,0.1362315532349226,-9.361142622159822,0.188221370110932,0.6566836138873242,13.953225806451613,31,110.5875418929851,31.746365422396845,39.40318964520974,168.78529989598977,3.7682341384490905,False,False
Bulrush,2023,6,-10.938181032052132,0.0703901333389644,-0.0313301227557859,0.0273949486239768,0.2048951345078169,-0.1577370546154745,0.3951418859335579,-19.0523969383299,-8.11421589787978,0.1008934054902527,-9.427412995582063,0.1427913098420606,0.65007048917595,14.194666666666667,30,202.24176586155085,32.96892407257598,78.29684502484683,153.21518548480296,3.421560152548248,False,False
Bulrush,2023,7,-11.444103137494434,0.0567279185397492,-0.0187707941600351,-0.001976315962923,0.1875648200983135,-0.1284313608596414,0.350258993328731,-19.06105621065862,-7.61695307047088,0.0807721408917132,-9.4429633563238,0.116923789280363,0.6485187177043038,14.896129032258063,31,189.7768404021726,34.69369004969374,96.20873685427016,162.05787588119722,3.2566450941869878,False,False
Bulrush,2023,8,-12.453249109621712,0.0458182350448317,0.0259793798717802,-0.0150309904891154,0.1989705781671809,-0.1257165698374355,0.2928303146143473,-19.466826499997985,-7.01357739588564,0.0765859409076324,-9.660205672722746,0.1115420890580295,0.6268400933546203,15.324516129032258,31,219.71466543395357,34.81335952848722,125.39326245232866,158.19248815439727,3.4368658268808487,False,False
Bulrush,2023,9,-12.394164286505871,0.0448481213670817,0.0333659434335545,0.0062885714921969,0.2509312343939093,-0.1685393097131903,0.3053149434578037,-20.31478291615328,-7.92061863968092,0.1006893090843959,-10.081062724720567,0.1425289273288138,0.5848427417961819,15.446333333333333,30,218.83254362648785,33.258511498902095,125.41852536692473,129.9418120882931,3.997133941985437,False,False
Bulrush,2023,10,-11.757013944482264,0.046075352373644,0.0276716369219591,0.0425575885920258,0.2952287917794026,-0.224776359202851,0.3516828504374944,-20.171734218519507,-8.41472028143327,0.1279539109150241,-9.997946398499389,0.1775797883224845,0.5931369251916756,16.174193548387095,31,52.76655495203973,30.89432566739858,76.7766670518895,127.0104356870449,3.287496821911475,False,False
Bulrush,2023,11,-10.597416616884528,0.0509091183737613,0.0088263343776556,0.0975633696601614,0.3482573142321323,-0.3028770236539339,0.4309143742226169,-19.57110191712264,-8.973685301633989,0.1655766007553517,-9.677822365354634,0.2259468130820359,0.6250821224943335,16.04,30,129.881428406333,28.30137524557956,95.47457529180626,92.01225008667512,4.276210562810586,False,False
Bulrush,2023,12,-8.915372303712658,0.0593494193674335,-0.0231699641993559,0.1713059146966036,0.4100168017520984,-0.402841303066439,0.5430095148131713,-18.51288601196267,-9.597513700283075,0.2135573786053785,-9.120690625286308,0.2876300016074681,0.6806783337041559,15.893870967741934,31,111.34519819715705,25.379637120073955,109.91108286143528,80.7618976077661,5.553664624985551,False,False
Bulrush,2024,1,-11.368973115019584,0.0158763287354029,0.0643329695233464,0.0390489226346095,0.2382527165375609,-0.2297236243914762,0.3850614399353392,-18.81443829591685,-7.445465187160211,0.0977259893025244,-9.310953789540328,0.1387193389695409,0.6616919606355198,16.130967741935486,31,69.3285565699757,24.821530105165834,102.72956200161786,75.44114180053161,5.8571697677106185,False,False
Bulrush,2024,2,-9.997394100655404,0.0573967830642951,0.0460460971921944,0.0943114843055145,0.2952117863000071,-0.2636959460810371,0.4807511354238982,-18.91394664733472,-8.916552551159922,0.1489733512232723,-9.336785540931537,0.2046019867388032,0.6591142085474964,16.302758620689655,29,95.20547786894714,24.432994337224084,104.02871836357323,86.58950652952731,6.323879579336646,False,False
Bulrush,2024,3,-8.980354685503215,0.0908750405639124,0.0175394705284299,0.134243437173365,0.3391106922573479,-0.2921064338517867,0.5529881228162874,-18.852293010275304,-9.871938328864044,0.1880763899982084,-9.28789947545657,0.254872120337113,0.6639925520808053,15.720967741935485,31,146.1535883508609,28.838518432913425,116.20179128625904,114.70615971339416,7.28428290766208,False,False
Bulrush,2024,4,-8.31785486956301,0.1163111012342548,-0.021186910467947,0.1588447812381612,0.3699494344095831,-0.314955087703725,0.6017724021125066,-18.629477384738607,-10.311622520272582,0.215035105627333,-9.164295593115424,0.2895297397644704,0.676326991235447,14.777999999999999,30,20.448514965907773,29.410273893447357,45.67791517392811,162.5548826996417,7.542050156015254,False,False
Bulrush,2024,5,-8.461162271386542,0.1472893342375694,-0.1040390133798148,0.1826193844054477,0.4064822348684007,-0.3507423165461411,0.5871870015855545,-18.47045063164485,-10.009288365662968,0.2454636511704726,-9.088428566777202,0.3286481074816192,0.6838977665419187,13.608064516129033,31,54.31595978273431,33.871778573905,31.7291459609384,177.0796255633884,5.9464151161446885,False,False
Bulrush,2024,6,-7.834941212039391,0.1481428347988339,-0.1508416515226622,0.1698686357844981,0.4027761197239568,-0.3616049429417337,0.64594824212914,-17.334713416465398,-9.499772217331287,0.2402625301024296,-8.505869650926734,0.3219616437401082,0.7420313572144152,13.127333333333333,30,342.5661620247312,33.37382410724603,125.41852536692473,151.43195423552518,6.659791979660234,False,False
Bulrush,2024,7,,0.1303079210134505,-0.1233112466516871,0.1269843315262511,0.3653737257895412,-0.3117171950981645,,,,0.2075553261097476,,0.2799138754374266,,13.528387096774193,31,217.24927770715357,34.521795908933306,125.41852536692473,156.47926730613656,6.790134057552292,False,False
Bulrush,2024,8,-8.73939712182757,0.0953599864481434,-0.089622363645097,0.0944327561349353,0.3325416327031137,-0.2824414104421908,0.5764704590761851,-17.523683419783254,-8.784286319279408,0.1741114584287308,-8.617724100453511,0.2369190661069936,0.7308693946956641,13.985806451612904,31,251.05396972148375,34.30658731075927,125.41852536692473,149.59214145383098,7.2014422743557125,False,False
Bulrush,2024,9,-10.46099210530114,0.0615681627428925,-0.0216484894969885,0.0700144093173609,0.2968399640684255,-0.2587668428047371,0.421058468935715,-18.73950807641329,-8.278515974848368,0.142807512042893,-9.264489421906772,0.1966752994772998,0.666328642789671,14.858,30,206.72009707615848,33.737351207673626,125.41852536692473,128.42005084941638,7.235292961978502,False,False
Bulrush,2024,10,-10.249205074648811,0.0488223771139324,0.011333481210774,0.071420972507891,0.2944601251005747,-0.2684169841913939,0.4517008215002955,-19.03035853214489,-8.78115345598035,0.1382344915741327,-9.40225406031844,0.1907963100914485,0.652581100900493,15.86516129032258,31,148.93713163064828,30.84186987172078,125.41852536692473,119.5408297700219,7.416782618744942,False,False
Bulrush,2024,11,-9.26385463706746,0.0482375587836524,0.0333409507620229,0.093168898378544,0.3144500673922503,-0.3033654007992141,0.5569438990029475,-19.284031387048564,-10.020176745016816,0.1519521748514822,-9.502779717532473,0.2084315065522838,0.6425496392756498,16.026,30,17.326360799722643,28.480735005200497,75.10265803767479,96.0326823067144,6.580871374089909,False,False
Bulrush,2024,12,-7.504940792557073,0.0598137077520526,0.0443739191567577,0.13525818692932,0.3568097909434523,-0.3636120926281978,0.7367877014436712,-19.5005266411243,-11.99558584195777,0.1839605618749416,-9.566066393548867,0.2495808888598059,0.6362342579151415,15.398387096774194,31,36.89968796949035,25.03215069917947,53.69633653068298,82.65476713278628,6.103562926152778,False,False
Bulrush,2025,1,-7.429266135269379,0.0534268635922863,0.0274733847178415,0.1630339189952835,0.3773262044263147,-0.375350691297385,0.7147519808962942,-16.598955336505078,-9.169689188331152,0.1979289956712948,-8.12078966980233,0.2675384454871417,0.7804585126312671,14.705483870967742,31,,,,,,False,True
Bulrush,2025,2,-7.4473886896027395,0.1012492038699511,-0.0020158861250478,0.186003638343416,0.3942873603376694,-0.3690833846956425,0.6957282748489918,-16.572220131519362,-9.12483142503363,0.2271800675170122,-8.112177992826684,0.3051430750925647,0.7813178724156334,14.032142857142857,28,,,,,,False,True
Bulrush,2025,3,-7.578478112937342,0.1350147253795177,-0.037313031921651,0.1974337817415108,0.4020621221117959,-0.3640341071933293,0.6698066038193529,-16.522445768032604,-8.94396763737096,0.2448368764109415,-8.093771228630388,0.3278423376006893,0.7831546845667795,13.128387096774194,31,,,,,,False,True
Bulrush,2025,4,-7.822534405273181,0.1547234281209862,-0.078418052671968,0.1973243491895678,0.4006504897486941,-0.3602028587904454,0.6369869678073774,-16.44963224604481,-8.627097825343144,0.2508994223530827,-8.06556937721344,0.3356362330115153,0.7859689490847056,11.962333333333333,30,,,,,,False,True
Bulrush,2025,5,-8.096341781490654,0.1677266522749557,-0.1307912477115998,0.1901582612547085,0.3987688846424775,-0.3717677389382517,0.6071774275593624,-16.215007900678202,-8.118666111736507,0.2522179327240472,-7.9557095915865,0.3373312852267828,0.7969318639680545,11.063870967741936,31,,,,,,False,True
Bulrush,2025,6,-8.324070910662705,0.1592007206958795,-0.1952854928602572,0.1610388558019868,0.3728578177938669,-0.3645034207429414,0.579757683660826,-16.203912417075642,-7.87984150358152,0.2310324647639111,-7.95701678691476,0.3100956447736581,0.7968014188644359,11.089333333333334,30,,,,,,False,True
Bulrush,2025,7,-8.968511750290316,0.1304354952982163,-0.2183297340722122,0.1323474807196723,0.3440980493192462,-0.3476124215637257,0.5185526376593286,-16.113615397408317,-7.145103645287707,0.2022936751123782,-7.927169538831754,0.2731495955535067,0.799779877618646,11.732903225806453,31,,,,,,False,True
Bulrush,2025,8,-10.199421686411402,0.0970741751362433,-0.2152264788074437,0.1177703386817911,0.3420816136445512,-0.3499659109259866,0.426973571100338,-16.807681962049024,-6.608260283132257,0.1856420424875285,-8.297097590123087,0.2517425688132291,0.7628647342281281,12.226451612903226,31,,,,,,False,True
Bulrush,2025,9,-10.975870052095,0.0808423442036665,-0.1975014241800028,0.1264988233441784,0.3663873563029357,-0.3633744457277206,0.3707850814597927,-17.84658069690277,-6.870710655494339,0.1912428412835936,-8.830594080758079,0.2589428507492691,0.7096270860384837,13.061333333333332,30,,,,,,False,True
Bulrush,2025,10,-11.059991967451069,0.0776725271100254,-0.1852533011233,0.14040914858607,0.3899667509192935,-0.3780452790973347,0.362529240319818,-18.28480991792213,-7.22481796012822,0.2026828088717963,-9.0517726512954,0.2736498586196625,0.6875556626419789,13.84032258064516,31,,,,,,False,True
Bulrush,2025,11,-10.677207249718574,0.0865781600638393,-0.1689189989591518,0.1662650957943343,0.4247926174366075,-0.3998187950855096,0.3889629496073111,-18.55369250289958,-7.876485258018366,0.2258786244315937,-9.179605515257302,0.3034699642596409,0.6747992131467287,13.808333333333334,30,,,,,,False,True
Bulrush,2025,12,-9.827515898897518,0.1075592430651083,-0.1484985176875582,0.2040666649689712,0.4708649558548778,-0.4286949936922453,0.4500862093222722,-18.653228451835133,-8.825712549164777,0.2608302879629858,-9.214092672643789,0.3484031676692043,0.6713577375527331,13.55258064516129,31,,,,,,False,True
Cattail,2023,1,-6.500031876471517,0.242115547996594,-0.5055364311213724,0.3436380793430509,0.5215652521944087,-0.5990105044953205,0.7977368104598974,-12.240380609573446,-5.740348734523471,0.3691062931780179,-5.920756102527134,0.4876007701619236,1.0,16.19483870967742,31,10.848722986247544,25.67826187449439,53.12470819369005,84.91179937593895,4.683874956662428,False,False
Cattail,2023,2,-6.049254260764671,0.289225527250192,-0.4989625906369234,0.3569218230307099,0.5378373565515979,-0.5995550292081047,0.8649557837234968,-13.8343119247439,-7.785057664225883,0.3946615689441666,-6.700917016502739,0.5204541536112266,0.9221476935675638,15.809642857142858,28,10.866173581416843,28.433294811048174,34.717912862591014,97.00948803883044,3.2948965676643933,False,False
Cattail,2023,3,-5.678889749401223,0.3193251634104166,-0.4950671955104508,0.3618811094190058,0.5454557812584752,-0.5967079851565927,0.9207791778127852,-14.862354342797556,-9.183464592945306,0.4088873513626325,-7.200982376832825,0.5387425528027274,0.8722461399633519,15.008387096774193,31,28.24118802727377,29.62740090142146,26.307662082514724,137.55139258060785,2.26184560268115,False,False
Cattail,2023,4,-5.388938342381171,0.3324144564772677,-0.4938502457419545,0.3585159385079388,0.5444205263150407,-0.590469372340785,0.9652069927277628,-15.324507863734416,-9.93556952068174,0.4117836404334157,-7.42095218351739,0.5424659677364261,0.8502953391873649,14.314666666666666,30,181.9708771524326,30.91073616086905,57.17603143418464,142.006390847105,4.134114180053159,False,False
Cattail,2023,5,-5.203824589696977,0.3277024925561091,-0.4942688690748844,0.3466181230585954,0.5364617100578726,-0.5810369751317823,0.9965985845782588,-15.237834446779852,-10.034009857749728,0.4035941085575257,-7.369767577412075,0.5319376590830207,0.8554030542340316,13.953225806451613,31,110.5875418929851,31.746365422396845,39.40318964520974,168.78529989598977,3.7682341384490905,False,False
Cattail,2023,6,-5.104264503790939,0.3039466199224026,-0.4990259855852597,0.3225987936183084,0.5123955873302506,-0.5659241130758776,1.0128135150861648,-14.700445792051418,-9.5961812890048,0.3796470002903205,-7.097019517440248,0.5011517056226158,0.8826206002087114,14.194666666666667,30,202.24176586155085,32.96892407257598,78.29684502484683,153.21518548480296,3.421560152548248,False,False
Cattail,2023,7,-5.169025308883942,0.272781166077557,-0.5110375571276008,0.3010657676030738,0.4880161295144319,-0.5550000322467128,1.0008554512518169,-14.027394504504612,-8.858369196959531,0.3539543543983542,-6.763483389774067,0.4681217217147905,0.9159041912630662,14.896129032258063,31,189.7768404021726,34.69369004969374,96.20873685427016,162.05787588119722,3.2566450941869878,False,False
Cattail,2023,8,-5.1913591618530255,0.2480354325109377,-0.5198739898851172,0.2965961649382036,0.4795255081541231,-0.5530420704658485,0.9955942488292576,-13.411111367210603,-8.219752205755709,0.3413857018677548,-6.45665712149752,0.4519636976415068,0.9465224037772776,15.324516129032258,31,219.71466543395357,34.81335952848722,125.39326245232866,158.19248815439727,3.4368658268808487,False,False
Cattail,2023,9,-5.692652531860789,0.2383270545453317,-0.5247664727097119,0.3041358870330999,0.4865709397787536,-0.5618512702050575,0.9174230106818902,-13.493824607496368,-7.801172075605831,0.3430112937857284,-6.517556551070275,0.4540535281368606,0.9404452458887876,15.446333333333333,30,218.83254362648785,33.258511498902095,125.41852536692473,129.9418120882931,3.997133941985437,False,False
Cattail,2023,10,-5.943749640097351,0.2409190629527585,-0.5330251495184213,0.3216773692374128,0.4993374128537293,-0.5797820623696293,0.8788142750602037,-13.538005176681509,-7.594255536293501,0.3539779483479668,-6.549299019503039,0.4681520536541051,0.9372776629772616,16.174193548387095,31,52.76655495203973,30.89432566739858,76.7766670518895,127.0104356870449,3.287496821911475,False,False
Cattail,2023,11,-6.152584072028777,0.2557076253385825,-0.5410091668129678,0.3500877468935081,0.5215320110461854,-0.6065199396235963,0.847799093504648,-13.736094403824872,-7.583510331398462,0.375775794426092,-6.6560974284368655,0.4961749559356819,0.9266202430657164,16.04,30,129.881428406333,28.30137524557956,95.47457529180626,92.01225008667512,4.276210562810586,False,False
Cattail,2023,12,-6.3191558276550674,0.2826927417028037,-0.5487185245933517,0.3893670200013858,0.5531547343561222,-0.6420649019669589,0.8243774660152238,-14.08809228892646,-7.768936460920717,0.4084048320201039,-6.837951777871755,0.5381222349815911,0.9084729861541518,15.893870967741934,31,111.34519819715705,25.379637120073955,109.91108286143528,80.7618976077661,5.553664624985551,False,False
Cattail,2024,1,-6.389497212155142,0.2628553513333549,-0.4963707016580188,0.3483823721244031,0.502187981148606,-0.5904517226445598,0.8179166808448682,-13.199469607954391,-6.809972395832862,0.3711419015354547,-6.395255633774382,0.490217710105419,0.9526496620800164,16.130967741935486,31,69.3285565699757,24.821530105165834,102.72956200161786,75.44114180053161,5.8571697677106185,False,False
Cattail,2024,2,-6.047798901782532,0.2767285976805269,-0.5004766656480242,0.3428778539889584,0.4970749852969942,-0.5850406131709922,0.8674575520129045,-13.976317932098372,-7.928519031110014,0.3722271456554931,-6.771294578244503,0.4916128796014553,0.9151247122767336,16.302758620689655,29,95.20547786894714,24.432994337224084,104.02871836357323,86.58950652952731,6.323879579336646,False,False
Cattail,2024,3,-5.729154165250677,0.2863684479607828,-0.5051800351755588,0.3366959310391512,0.4924540960323927,-0.5788970762948424,0.9147899663572404,-14.615149764626652,-8.8859956003235,0.3718394916774422,-7.078877390960898,0.4911145189144841,0.884431004145521,15.720967741935485,31,146.1535883508609,28.838518432913425,116.20179128625904,114.70615971339416,7.28428290766208,False,False
Cattail,2024,4,-5.433563002559573,0.2917749021741226,-0.510480810240623,0.3298366032749814,0.4883253133548016,-0.5720211120161105,0.9599139238778752,-15.115965105539242,-9.682402103473324,0.3699789396013019,-7.318004071923566,0.4887226280445056,0.8605685376863782,14.777999999999999,30,20.448514965907773,29.410273893447357,45.67791517392811,162.5548826996417,7.542050156015254,False,False
Cattail,2024,5,-5.1877190536968,0.3002835658890767,-0.5191017719984796,0.3231385032010922,0.4868269914438696,-0.5660879904495729,0.999246278472212,-15.625069424686044,-10.437350370664053,0.3700830201780128,-7.562723142643671,0.4888564320827636,0.8361480063033379,13.608064516129033,31,54.31595978273431,33.871778573905,31.7291459609384,177.0796255633884,5.9464151161446885,False,False
Cattail,2024,6,-4.694556562215202,0.2928308551745512,-0.5254423948224712,0.3151124166934615,0.482409265470449,-0.5569596647628878,1.0778806955281426,-15.976846288876688,-11.28228972367196,0.3634508457794873,-7.718952969808927,0.4803302330070318,0.820557822072785,13.127333333333333,30,342.5661620247312,33.37382410724603,125.41852536692473,151.43195423552518,6.659791979660234,False,False
Cattail,2024,7,,0.2806215230932124,-0.5226913450504842,0.2982805422807948,0.4710521096545191,-0.5390862028036468,,,,0.3499847250095088,,0.4630184405897198,,13.528387096774193,31,217.24927770715357,34.521795908933306,125.41852536692473,156.47926730613656,6.790134057552292,False,False
Cattail,2024,8,-4.832806312351133,0.2714735636962903,-0.5209718458822381,0.2850839345788963,0.4593837728620954,-0.5326378986908693,1.0584308034993668,-15.4398922482139,-10.607085932119883,0.3386470903790941,-7.455338422296387,0.4484429900514592,0.8468639342675266,13.985806451612904,31,251.05396972148375,34.30658731075927,125.41852536692473,149.59214145383098,7.2014422743557125,False,False
Cattail,2024,9,-5.076378364104674,0.2624410698344077,-0.521488033371771,0.2825195398117619,0.454142316148387,-0.5353705874618453,1.0206125127771215,-14.76813203543824,-9.691753668780828,0.3330343085981855,-7.128912888886655,0.4412273030147452,0.8794379586760098,14.858,30,206.72009707615848,33.737351207673626,125.41852536692473,128.42005084941638,7.235292961978502,False,False
Cattail,2024,10,-5.360718831714685,0.2600419993547846,-0.5264232188950695,0.2904357810680321,0.461184722092274,-0.5498573895669372,0.9754196054137813,-14.572243551494108,-9.211524718000003,0.3372208341716969,-7.042266873948754,0.4466094218087468,0.8880843699294526,15.86516129032258,31,148.93713163064828,30.84186987172078,125.41852536692473,119.5408297700219,7.416782618744942,False,False
Cattail,2024,11,-5.7743153971376575,0.2635430334712103,-0.5333353344688768,0.3088048181482907,0.4782729860226465,-0.5751259041903434,0.9089380266999096,-14.551530059744074,-8.777214662062718,0.3502069458807158,-7.048530523061135,0.463304123575848,0.8874593199925142,16.026,30,17.326360799722643,28.480735005200497,75.10265803767479,96.0326823067144,6.580871374089909,False,False
Cattail,2024,12,-6.317168060373589,0.2729441721836846,-0.5422243800931931,0.3376266510525378,0.5054071079395048,-0.6111761313320635,0.8211677766355064,-14.70599156018814,-8.388823500968963,0.3719926437252425,-7.147703836223797,0.4913114083160492,0.8775628088651943,15.398387096774194,31,36.89968796949035,25.03215069917947,53.69633653068298,82.65476713278628,6.103562926152778,False,False
Cattail,2025,1,-5.816080182564959,0.276049974113411,-0.5498463199079602,0.3500300317882059,0.501722586158785,-0.6075570048244315,0.901406092986131,-15.277294091921508,-9.461213913596472,0.3759341973534673,-7.413295523774202,0.4963785957695922,0.851059397742334,14.705483870967742,31,,,,,,False,True
Cattail,2025,2,-5.660454093795601,0.2571554794182444,-0.5342778725183728,0.3073442575332784,0.4512393954218883,-0.5545889466332133,0.926302500607858,-15.2781314437981,-9.617677353843805,0.3385797107911371,-7.407490097707412,0.4483563681163228,0.8516387215728747,14.032142857142857,28,,,,,,False,True
Cattail,2025,3,-5.443727372313262,0.2490062812764573,-0.5223654675871302,0.282508332179158,0.42497713705301,-0.5206059148912998,0.9615976600703988,-15.363556073664933,-9.919828704754009,0.3188305835028751,-7.44137862266545,0.4229672603043923,0.8482569835463797,13.128387096774194,31,,,,,,False,True
Cattail,2025,4,-5.16590001811794,0.2516023796880496,-0.5141091051142324,0.2755222557258445,0.42293581105215,-0.505607909598691,1.007291571373754,-15.533567981521998,-10.367667966327083,0.3166868154886814,-7.514961098648317,0.4202112723338007,0.8409141836628486,11.962333333333333,30,,,,,,False,True
Cattail,2025,5,-4.750719605578988,0.266348243976562,-0.5103014546390747,0.2928236587253141,0.4504250933295589,-0.5106275035508485,1.0758486270552776,-15.877774634881083,-11.127055031369744,0.3365323320104783,-7.669925161193634,0.4457242963373891,0.8254503101629383,11.063870967741936,31,,,,,,False,True
Cattail,2025,6,-4.182119739896887,0.2898556172349503,-0.51343508875179,0.3165878022478797,0.4935907637447128,-0.5327578032699763,1.1682200954348332,-16.420227902226937,-12.23810816348092,0.3666780610758476,-7.918058927542478,0.4844790804925762,0.8006890260893954,11.089333333333334,30,,,,,,False,True
Cattail,2025,7,-4.220458120619407,0.3123965927701281,-0.5176697296722675,0.3415794612261087,0.5402455897141073,-0.5641541590029415,1.1646904313459463,-16.47524212130414,-12.254784001187998,0.3980738812367814,-7.9464484529414,0.5248409583252084,0.7978560335730626,11.732903225806453,31,,,,,,False,True
Cattail,2025,8,-4.450056203788263,0.3026478942445036,-0.5219200713105226,0.3366921172048097,0.5442775586797592,-0.5774896617559153,1.1262769161553816,-15.8808324117954,-11.430776207570563,0.3945391900430242,-7.658846976749711,0.5202968255901117,0.8265558028819318,12.226451612903226,31,,,,,,False,True
Cattail,2025,9,-4.873974524218166,0.2762313280038824,-0.5367264258374185,0.3129937777154553,0.5166980079484977,-0.575874175814929,1.0541198728830277,-15.41440262562857,-10.540428100695015,0.3686410378892784,-7.443671344414681,0.4870026466846953,0.8480281926995327,13.061333333333332,30,,,,,,False,True
Cattail,2025,10,-5.2570981044257765,0.2547706086362749,-0.5514783469343744,0.3024815518847514,0.4966408614522274,-0.5756544771426246,0.9912468264784488,-15.071250943771409,-9.814152838590394,0.3512976739910846,-7.287813765077282,0.4647063431870465,0.8635812302960463,13.84032258064516,31,,,,,,False,True
Cattail,2025,11,-5.697848360636248,0.2289478386760825,-0.5695338281816889,0.2933151902041926,0.4702668253403286,-0.5719786430569629,0.9197615878238876,-14.721758509031469,-9.023910147826667,0.3308432847402012,-7.130938857417624,0.4384105638172649,0.8792357871495081,13.808333333333334,30,,,,,,False,True
Cattail,2025,12,-6.196225292849581,0.1987630181233053,-0.5908928695793623,0.285494692673779,0.4375758996128012,-0.5648466735579436,0.8396641569193442,-14.365925321408753,-8.169700028403838,0.3072778701366285,-6.9730466214357065,0.4081153085753506,0.8949918632599182,13.55258064516129,31,,,,,,False,True
Floating Leaf Marsh,2023,1,-11.67156371818744,0.4069691832146702,-0.2388056801740121,0.3997590920920861,0.8096002279693436,-0.6139947078111451,0.3132635062812821,-25.28559256635804,-13.614028849862338,0.5387761677587,-12.564480407031636,0.7057251801821082,0.3370223358522646,16.19483870967742,31,10.848722986247544,25.67826187449439,53.12470819369005,84.91179937593895,4.683874956662428,False,False
Floating Leaf Marsh,2023,2,-11.291692057605816,0.4496840031114459,-0.217521592262163,0.3747393665657275,0.7552800332212453,-0.568425856109537,0.3403385183476396,-24.11279488610479,-12.821102831476592,0.5265678009661395,-11.97131281420989,0.6900303326994988,0.3962145670636748,15.809642857142858,28,10.866173581416843,28.433294811048174,34.717912862591014,97.00948803883044,3.2948965676643933,False,False
Floating Leaf Marsh,2023,3,-11.034124283655736,0.4816436315712959,-0.2014016166964309,0.3523523709075166,0.7097193822672996,-0.5299137020420283,0.3580872768257395,-23.125647194425454,-12.091522913963576,0.5145717949153708,-11.473301778804757,0.6746084922054856,0.4459111194550544,15.008387096774193,31,28.24118802727377,29.62740090142146,26.307662082514724,137.55139258060785,2.26184560268115,False,False
Floating Leaf Marsh,2023,4,-10.898860396337197,0.5028480685942202,-0.1904457534768157,0.3325981051174534,0.6729182751075067,-0.4984582456086188,0.3665097817155819,-22.324149491320032,-11.425289097323288,0.5027881496063934,-11.070447300816234,0.6594596587000682,0.4861119930264038,14.314666666666666,30,181.9708771524326,30.91073616086905,57.17603143418464,142.006390847105,4.134114180053159,False,False
Floating Leaf Marsh,2023,5,-10.9022351178178,0.5093864370126947,-0.179682717886205,0.304961321537711,0.6289655795214135,-0.4632990723710487,0.3634286427244035,-21.54298902400929,-10.640753907609078,0.4811044460239397,-10.68063735167794,0.631583495871138,0.5250111522473895,13.953225806451613,31,110.5875418929851,31.746365422396845,39.40318964520974,168.78529989598977,3.7682341384490905,False,False
Floating Leaf Marsh,2023,6,-11.001679528851264,0.5152864572795964,-0.1796309563173087,0.2896550519437531,0.6047176349237288,-0.4437092939112803,0.3541862641545705,-21.18572861974989,-10.184049091723203,0.4698863813823594,-10.504317744042448,0.6171617622689868,0.5426060969283975,14.194666666666667,30,202.24176586155085,32.96892407257598,78.29684502484683,153.21518548480296,3.421560152548248,False,False
Floating Leaf Marsh,2023,7,-11.176051850185122,0.5416653575810385,-0.1836020080802903,0.3000159535684499,0.6273801789047028,-0.454878021810092,0.340104250691759,-21.10016084099601,-9.924108989049431,0.489687163351397,-10.465054357384702,0.6426172763701706,0.5465241927402951,14.896129032258063,31,189.7768404021726,34.69369004969374,96.20873685427016,162.05787588119722,3.2566450941869878,False,False
Floating Leaf Marsh,2023,8,-11.360170080558127,0.5630327329521603,-0.1933075648999149,0.3296279204468146,0.6838053571551129,-0.4877082315904304,0.3287793029420922,-21.281882762619567,-9.921712680095322,0.5254886701846959,-10.558746555082733,0.6886430223969555,0.5371746424682297,15.324516129032258,31,219.71466543395357,34.81335952848722,125.39326245232866,158.19248815439727,3.4368658268808487,False,False
Floating Leaf Marsh,2023,9,-11.794458277682471,0.5601700061576436,-0.2121281075562818,0.3556844930239354,0.7330625119434739,-0.5228041922344278,0.3079910719748694,-22.084983412590653,-10.290525135900044,0.549639003708351,-10.965493938549574,0.7196902384372608,0.4965852956155591,15.446333333333333,30,218.83254362648785,33.258511498902095,125.41852536692473,129.9418120882931,3.997133941985437,False,False
Floating Leaf Marsh,2023,10,-12.117338668474128,0.5364744923093897,-0.2323800172593234,0.3840521499955492,0.7728147296445097,-0.5622117445620023,0.2966996081393594,-23.13836520566568,-11.021026539662731,0.5644471239831496,-11.495007701415794,0.7387272802599825,0.4437450840792216,16.174193548387095,31,52.76655495203973,30.89432566739858,76.7766670518895,127.0104356870449,3.287496821911475,False,False
Floating Leaf Marsh,2023,11,-12.444515300872755,0.4916067874164025,-0.2582302032334277,0.4156218358972894,0.8113175377082162,-0.6085652364302049,0.2889469600491998,-24.53868357497583,-12.094168278105329,0.572848720340636,-12.19710504847618,0.749528215035431,0.3736827458749074,16.04,30,129.881428406333,28.30137524557956,95.47457529180626,92.01225008667512,4.276210562810586,False,False
Floating Leaf Marsh,2023,12,-12.775988174878364,0.4255668914786822,-0.2896786654785945,0.4503935507291557,0.8485709361345937,-0.6618646678390356,0.2847331277043905,-26.28593852052111,-13.509950351227836,0.5748437927808104,-13.07178597973073,0.7520930427636063,0.2863982810026166,15.893870967741934,31,111.34519819715705,25.379637120073955,109.91108286143528,80.7618976077661,5.553664624985551,False,False
Floating Leaf Marsh,2024,1,-13.416535047317849,0.3619750986187467,-0.2543810519571947,0.4147576960549042,0.7795869703721434,-0.6115851356315194,0.2710638174811472,-28.60701087407548,-15.190475821960527,0.5187732550152647,-14.235739481468176,0.6800098105466325,0.1702472882175508,16.130967741935486,31,69.3285565699757,24.821530105165834,102.72956200161786,75.44114180053161,5.8571697677106185,False,False
Floating Leaf Marsh,2024,2,-12.622439874130848,0.4077112124441366,-0.2169628087519728,0.3843356606453031,0.7571999123971767,-0.5771882056099771,0.3116334682222655,-26.949742920978714,-14.327303042669367,0.5164155951622055,-13.396963092389166,0.6769788472377495,0.2539488365790384,16.302758620689655,29,95.20547786894714,24.432994337224084,104.02871836357323,86.58950652952731,6.323879579336646,False,False
Floating Leaf Marsh,2024,3,-11.974284641800931,0.441227495585035,-0.1940932286906346,0.3588263459213708,0.7304727489382759,-0.5470643065734395,0.3422618412599489,-25.398020395446974,-13.423735749856398,0.5101755301482273,-12.613444736461089,0.6689567366360566,0.3321361823540394,15.720967741935485,31,146.1535883508609,28.838518432913425,116.20179128625904,114.70615971339416,7.28428290766208,False,False
Floating Leaf Marsh,2024,4,-11.472069350328098,0.4625239480414418,-0.1857723117731801,0.3382297518831073,0.699405479995441,-0.5212134385219065,0.3629489365941976,-23.951843297480245,-12.47977394352161,0.50005305997333,-11.88518441368394,0.6559434787415537,0.4048093255425539,14.777999999999999,30,20.448514965907773,29.410273893447357,45.67791517392811,162.5548826996417,7.542050156015254,False,False
Floating Leaf Marsh,2024,5,-11.011517908274474,0.4797640052179184,-0.2032492248193124,0.3150826681884848,0.6450879930490301,-0.4927241444301579,0.374112511972565,-21.78614946464985,-10.774631553910051,0.4799782221518111,-10.799546603715452,0.6301356435740475,0.5131451905445636,13.608064516129033,31,54.31595978273431,33.871778573905,31.7291459609384,177.0796255633884,5.9464151161446885,False,False
Floating Leaf Marsh,2024,6,-10.547119720153065,0.4601546055952841,-0.2217875736769157,0.3059436893271747,0.6136185293252947,-0.4817579923831367,0.3914336653849271,-20.75894701665885,-10.211827291019569,0.4599056080825845,-10.28161509061164,0.6043306672208003,0.5648296086522289,13.127333333333333,30,342.5661620247312,33.37382410724603,125.41852536692473,151.43195423552518,6.659791979660234,False,False
Floating Leaf Marsh,2024,7,,0.4648714278140601,-0.2341746912367556,0.3203954970533965,0.6299162580908735,-0.4893796401157549,,,,0.4717277276527767,,0.6195289625151722,,13.528387096774193,31,217.24927770715357,34.521795908933306,125.41852536692473,156.47926730613656,6.790134057552292,False,False
Floating Leaf Marsh,2024,8,-11.166882249685088,0.4926773043294407,-0.2396397850585144,0.3463208940373055,0.7004127058410388,-0.5197460430791183,0.3506267218034062,-21.270761717427387,-10.103879463477682,0.5131369680692616,-10.547724177196688,0.6727639057103157,0.5382745662473196,13.985806451612904,31,251.05396972148375,34.30658731075927,125.41852536692473,149.59214145383098,7.2014422743557125,False,False
Floating Leaf Marsh,2024,9,-11.713017912315618,0.5371993374114556,-0.2328173568163202,0.3736960967047126,0.7424495397135076,-0.53906916245019,0.3183097187437855,-22.487427080267807,-10.774409167937026,0.5511149912765586,-11.164136110444163,0.7215877403851351,0.4767627808500655,14.858,30,206.72009707615848,33.737351207673626,125.41852536692473,128.42005084941638,7.235292961978502,False,False
Floating Leaf Marsh,2024,10,-11.923271642294708,0.5417324450676272,-0.2355618422599981,0.3882431878576131,0.7755804315703516,-0.5640579860217001,0.3107858048645301,-23.45431266316656,-11.53104102159247,0.5685186881651974,-11.649459880547305,0.7439616068442587,0.4283322914572117,15.86516129032258,31,148.93713163064828,30.84186987172078,125.41852536692473,119.5408297700219,7.416782618744942,False,False
Floating Leaf Marsh,2024,11,-12.000422467266064,0.5294025418068133,-0.2431041219386499,0.3996658964104482,0.8050798196712269,-0.5954500246335451,0.3157801922092864,-24.58994342694376,-12.589520960240254,0.5780494192961628,-12.216026665560197,0.7562141361170042,0.3717945565218734,16.026,30,17.326360799722643,28.480735005200497,75.10265803767479,96.0326823067144,6.580871374089909,False,False
Floating Leaf Marsh,2024,12,-11.944470387229684,0.5002096276290139,-0.2554441958522757,0.407964222363218,0.830947704016133,-0.6332452782857252,0.3332928807780546,-25.894319371599394,-13.949848983880376,0.579707184669455,-12.86383646548285,0.7583453282033713,0.3071495760440502,15.398387096774194,31,36.89968796949035,25.03215069917947,53.69633653068298,82.65476713278628,6.103562926152778,False,False
Floating Leaf Marsh,2025,1,-11.299800196660907,0.4346890799221906,-0.2167854828656366,0.4033717901747255,0.8427066137675905,-0.6411762598885725,0.3842513964710564,-26.192601239733527,-14.892801048587286,0.5602558279548355,-13.000237772127663,0.7333390286587166,0.2935380811172114,14.705483870967742,31,,,,,,False,True
Floating Leaf Marsh,2025,2,-10.730539682535705,0.3901640350529626,-0.2830514499841376,0.3646868944603285,0.7290610173539749,-0.5947659366725031,0.4045262157293758,-22.953395807988915,-12.2228561281744,0.494637315622422,-11.37556635074241,0.6489810993310577,0.4556641439382229,14.032142857142857,28,,,,,,False,True
Floating Leaf Marsh,2025,3,-10.255822941842716,0.3609147183897642,-0.3305214143355562,0.3360882550854611,0.6454108587557834,-0.5593830419895989,0.4233661425223831,-20.410334902708165,-10.15451196142208,0.4474712774103362,-10.099325915862645,0.5883453248105287,0.5830202568091019,13.128387096774194,31,,,,,,False,True
Floating Leaf Marsh,2025,4,-9.875649974581943,0.3469411299325953,-0.3591953759198923,0.317575872050123,0.5917561379730157,-0.5350275758398597,0.4407711768500784,-18.563418523891265,-8.687768548330322,0.418757713318578,-9.171516467488363,0.551431705097129,0.6756064197298488,11.962333333333333,30,,,,,,False,True
Floating Leaf Marsh,2025,5,-9.528642376963628,0.3422743548568137,-0.383455990874484,0.3085678399703758,0.5534477832819789,-0.518116849656271,0.4601016550252031,-17.038163806579348,-7.509521426506094,0.4014299927030562,-8.404056488755966,0.5291555123104242,0.7521912990394701,11.063870967741936,31,,,,,,False,True
Floating Leaf Marsh,2025,6,-9.368204198112045,0.369511296733789,-0.3947135219077765,0.3136584643929866,0.5720272306148914,-0.528177828491643,0.4739977610888187,-16.551811346406332,-7.183607145121499,0.4183989972472223,-8.157406232137765,0.5509705464405167,0.7768045435841459,11.089333333333334,30,,,,,,False,True
Floating Leaf Marsh,2025,7,-9.427712172229985,0.3986100001494075,-0.3482538563386975,0.3269399186001953,0.6248235863275272,-0.538095792562555,0.47273797341411,-17.166182089583344,-7.738469914171091,0.4501245016923767,-8.464906550642578,0.5917562602084688,0.7461190675554698,11.732903225806453,31,,,,,,False,True
Floating Leaf Marsh,2025,8,-9.766923455747785,0.4538504815330257,-0.3013129657980753,0.3508586297033087,0.6955183006845622,-0.55518379786864,0.4507255238852243,-18.31612933406869,-8.549205879376409,0.5000758039736323,-9.045383286326912,0.6559727180019685,0.6881932577720661,12.226451612903226,31,,,,,,False,True
Floating Leaf Marsh,2025,9,-10.15239678530787,0.501885537858102,-0.298135379697285,0.3754518144783279,0.7542907169140138,-0.5786975503941972,0.4245155822254101,-19.53139577446881,-9.378998988195384,0.5438760230834813,-9.659568991436664,0.7122814585824746,0.6269036278200054,13.061333333333332,30,,,,,,False,True
Floating Leaf Marsh,2025,10,-10.301777821191664,0.493120872583496,-0.2971422571620183,0.3830371447054142,0.780385875751349,-0.597320543289285,0.4201544108604569,-20.737332923040466,-10.435555101906631,0.5521812976800864,-10.263627858819577,0.7229585639078439,0.5666245556385,13.84032258064516,31,,,,,,False,True
Floating Leaf Marsh,2025,11,-10.334643827276032,0.4512552398853363,-0.3050153212381492,0.3817231206309152,0.7872270889255357,-0.6151806857757599,0.4278347504251206,-22.107562847732577,-11.772919021788711,0.5400684831472624,-10.94682273659305,0.7073865566190675,0.4984484960273483,13.808333333333334,30,,,,,,False,True
Floating Leaf Marsh,2025,12,-10.250994803560976,0.3762886397636228,-0.3217545719256775,0.3715097422548307,0.774814356436574,-0.6322779778536222,0.4475566009194014,-23.64208554854516,-13.391090747841623,0.5075375794850091,-11.70915362475709,0.6655654367161453,0.4223754489865504,13.55258064516129,31,,,,,,False,True
Low Growing Emergent Marsh,2023,1,-6.040529876938948,0.731718325419557,-0.4326355220828872,0.5891283551925427,0.8694302867713564,-0.7573619603407452,0.8606643375126009,-14.063312136976297,-8.022782253535233,0.730092322461152,-6.81648998248447,0.9516776421317322,0.9106146600590476,16.19483870967742,31,10.848722986247544,25.67826187449439,53.12470819369005,84.91179937593895,4.683874956662428,False,False
Low Growing Emergent Marsh,2023,2,-6.025944420602047,0.7453412133064357,-0.4008729790007942,0.5676693459269891,0.8639837052759265,-0.7381309672394532,0.8632260471879566,-14.352768629988969,-8.326824207335823,0.7256647548364504,-6.96057780268472,0.9459856441954502,0.896236127463447,15.809642857142858,28,10.866173581416843,28.433294811048174,34.717912862591014,97.00948803883044,3.2948965676643933,False,False
Low Growing Emergent Marsh,2023,3,-5.9602101932304095,0.7540341418813525,-0.3804578094407368,0.551606104485553,0.8599736229110609,-0.7236931299620338,0.8727902950133256,-14.521300500484736,-8.561090308430938,0.7218712897593221,-7.042452676783189,0.9411088366070334,0.8880658286529759,15.008387096774193,31,28.24118802727377,29.62740090142146,26.307662082514724,137.55139258060785,2.26184560268115,False,False
Low Growing Emergent Marsh,2023,4,-5.843327194824035,0.7577971111443079,-0.371390013402715,0.5409386308682341,0.8574000396767595,-0.7140484485084871,0.8893570809887079,-14.568907748463602,-8.725580556820576,0.7187119272297672,-7.062114604779876,0.9370472193664824,0.8861037636276337,14.314666666666666,30,181.9708771524326,30.91073616086905,57.17603143418464,142.006390847105,4.134114180053159,False,False
Low Growing Emergent Marsh,2023,5,-5.642728139164981,0.7443236735275629,-0.3737605767119624,0.5291779194381039,0.8532286529106685,-0.7077405574404381,0.9152256394381216,-14.482304921041646,-8.839576784702183,0.7089100819587785,-7.012346051367672,0.9244461508378032,0.8910701706874303,13.953225806451613,31,110.5875418929851,31.746365422396845,39.40318964520974,168.78529989598977,3.7682341384490905,False,False
Low Growing Emergent Marsh,2023,6,-5.534559368688296,0.7470885772310563,-0.3875427659498514,0.5318622356889063,0.8541729230562566,-0.7066598729771971,0.9285792923502244,-14.2713953038612,-8.736835940525584,0.7110412453254065,-6.903552830181214,0.9271859345097792,0.9019266530385122,14.194666666666667,30,202.24176586155085,32.96892407257598,78.29684502484683,153.21518548480296,3.421560152548248,False,False
Low Growing Emergent Marsh,2023,7,-5.492143428716921,0.7747702330008317,-0.40491770343269,0.5526594899646843,0.8666074190844024,-0.7175529738003515,0.9383948759005212,-14.12472303606866,-8.632579612366003,0.7313457140166394,-6.827762800312766,0.9532889788185815,0.9094897448624464,14.896129032258063,31,189.7768404021726,34.69369004969374,96.20873685427016,162.05787588119722,3.2566450941869878,False,False
Low Growing Emergent Marsh,2023,8,-5.438516945362274,0.7919460227149653,-0.4148443056843403,0.5745361318528043,0.8754774181998662,-0.7305491575783427,0.9505518895069058,-13.970839269687213,-8.53232232694429,0.747319857589212,-6.747781663121717,0.973825038333898,0.9174710675484056,15.324516129032258,31,219.71466543395357,34.81335952848722,125.39326245232866,158.19248815439727,3.4368658268808487,False,False
Low Growing Emergent Marsh,2023,9,-5.809627399990392,0.7861010862400766,-0.4229829070502543,0.5803003312522252,0.8752956525295048,-0.7381525060598471,0.8961069241401582,-14.1228819522472,-8.313254553482519,0.7472323566739355,-6.837414245394989,0.9737125487975667,0.90852662655365,15.446333333333333,30,218.83254362648785,33.258511498902095,125.41852536692473,129.9418120882931,3.997133941985437,False,False
Low Growing Emergent Marsh,2023,10,-5.950392163196284,0.7797822561151692,-0.4335411388275962,0.5882230207997864,0.8772372296469751,-0.7491386270444657,0.87226141156374,-14.237748721148042,-8.287356552802597,0.7484141688539769,-6.900809006395796,0.975231864381216,0.9022004593857826,16.174193548387095,31,52.76655495203973,30.89432566739858,76.7766670518895,127.0104356870449,3.287496821911475,False,False
Low Growing Emergent Marsh,2023,11,-6.051973490864352,0.7637938110954998,-0.4441484880200257,0.5920258396701699,0.8771299605184968,-0.7604116601380618,0.8519658145401283,-14.405954285097122,-8.35398078083821,0.7443165370947221,-6.989985685564889,0.9699640258083618,0.8933015129903261,16.04,30,129.881428406333,28.30137524557956,95.47457529180626,92.01225008667512,4.276210562810586,False,False
Low Growing Emergent Marsh,2023,12,-6.114371382994597,0.7381357511810686,-0.454804954627543,0.5917087878633753,0.8749738451440696,-0.7719716053406356,0.8352201330693227,-14.627498644094445,-8.513127237589355,0.7349394613961712,-7.104944282902268,0.9579090330790048,0.8818297873672805,15.893870967741934,31,111.34519819715705,25.379637120073955,109.91108286143528,80.7618976077661,5.553664624985551,False,False
Low Growing Emergent Marsh,2024,1,-6.281660055630538,0.731057548621526,-0.4379828292637353,0.5880638632528628,0.8694067120449996,-0.7608883927893767,0.8243307213319182,-14.28438365029908,-8.002723587021565,0.7295093746397961,-6.936109142904816,0.9509282153409124,0.8986778565542688,16.130967741935486,31,69.3285565699757,24.821530105165834,102.72956200161786,75.44114180053161,5.8571697677106185,False,False
Low Growing Emergent Marsh,2024,2,-6.128840038846874,0.7372905173920552,-0.4074627003401465,0.5670788846481325,0.8598361232725423,-0.7427084169197189,0.8492892720903688,-14.772375631815196,-8.643535586817903,0.72140184177091,-7.173865496347402,0.9405053230737052,0.8749521351641176,16.302758620689655,29,95.20547786894714,24.432994337224084,104.02871836357323,86.58950652952731,6.323879579336646,False,False
Low Growing Emergent Marsh,2024,3,-5.976164072697009,0.7491847143807355,-0.3887953594252371,0.5540659472414411,0.8546167705996841,-0.729761614695053,0.8731702774797319,-15.027203360451823,-9.051039282992232,0.7192891440739535,-7.295309109665333,0.9377892785204894,0.8628332693905043,15.720967741935485,31,146.1535883508609,28.838518432913425,116.20179128625904,114.70615971339416,7.28428290766208,False,False
Low Growing Emergent Marsh,2024,4,-5.823632157180943,0.766740139587567,-0.3819808065190071,0.5490250510327885,0.8537486540264243,-0.7220479861153788,0.8959737375000074,-15.04886683620896,-9.225234675544552,0.7231712815489266,-7.300439982858612,0.9427800816812656,0.8623212592334283,14.777999999999999,30,20.448514965907773,29.410273893447357,45.67791517392811,162.5548826996417,7.542050156015254,False,False
Low Growing Emergent Marsh,2024,5,-5.656262062906244,0.8025590740674509,-0.3882785543809425,0.549590253046685,0.8551372485144817,-0.7160719941642377,0.9182846952288942,-14.89428117773712,-9.238019106633873,0.7357621918762058,-7.217569413012086,0.958966719960702,0.8705909185849146,13.608064516129033,31,54.31595978273431,33.871778573905,31.7291459609384,177.0796255633884,5.9464151161446885,False,False
Low Growing Emergent Marsh,2024,6,-5.445155666948724,0.8152715860563893,-0.4070011739748528,0.5617579580223805,0.8637900240106207,-0.7220486205582208,0.9449481490241926,-14.232572032926784,-8.787416360587402,0.7469398560297967,-6.88004897785968,0.9733365154528676,0.90427210393268,13.127333333333333,30,342.5661620247312,33.37382410724603,125.41852536692473,151.43195423552518,6.659791979660234,False,False
Low Growing Emergent Marsh,2024,7,,0.8406882754772302,-0.4225457839394269,0.5799607023213807,0.8746755049846785,-0.7282397301628457,,,,0.7651081609277632,,0.9966933476349488,,13.528387096774193,31,217.24927770715357,34.521795908933306,125.41852536692473,156.47926730613656,6.790134057552292,False,False
Low Growing Emergent Marsh,2024,8,-5.408878993572383,0.8369282788699941,-0.4318571088003234,0.587740020841732,0.8783725036613808,-0.7352926628351868,0.9487657611775928,-13.65235978601176,-8.243480800935307,0.7676802677910356,-6.588988454835465,1.0,0.9333170517414532,13.985806451612904,31,251.05396972148375,34.30658731075927,125.41852536692473,149.59214145383098,7.2014422743557125,False,False
Low Growing Emergent Marsh,2024,9,-5.418391023137648,0.800061753807203,-0.4381934595004116,0.59050137883916,0.8763659005999331,-0.7397118624508195,0.9511249438112568,-13.352160005488756,-7.93376898336141,0.7556430110820987,-6.43829876704414,0.9845251284331572,0.9483543851171484,14.858,30,206.72009707615848,33.737351207673626,125.41852536692473,128.42005084941638,7.235292961978502,False,False
Low Growing Emergent Marsh,2024,10,-5.479499512722834,0.7696144716746681,-0.4440226750861582,0.5840483710739512,0.875363968160234,-0.7461120150211238,0.9441230299578748,-13.466927298991251,-7.987427790077863,0.7430089369696177,-6.49743289295852,0.9682829996006416,0.94245338699121,15.86516129032258,31,148.93713163064828,30.84186987172078,125.41852536692473,119.5408297700219,7.416782618744942,False,False
Low Growing Emergent Marsh,2024,11,-5.645565016396886,0.7341402807682241,-0.4486661750113168,0.5704122212332983,0.8725867664711109,-0.7530845055966324,0.9215134932520852,-13.939341082011708,-8.293776073462277,0.7257130894908776,-6.739292169654696,0.9460477823210692,0.9183182346327994,16.026,30,17.326360799722643,28.480735005200497,75.10265803767479,96.0326823067144,6.580871374089909,False,False
Low Growing Emergent Marsh,2024,12,-5.916587534159806,0.6936391810878713,-0.4521239592758873,0.5495929293172015,0.8680342955325637,-0.7606293341773458,0.8832963336938878,-14.76940135455012,-8.852813833514658,0.7037554686458788,-7.163876597132674,0.9178194765944404,0.8759489280419162,15.398387096774194,31,36.89968796949035,25.03215069917947,53.69633653068298,82.65476713278628,6.103562926152778,False,False
Low Growing Emergent Marsh,2025,1,-5.257045568988722,0.6411486040454616,-0.4605557489417106,0.5363218576752333,0.8482329916490452,-0.7566326314243421,0.9799719026872452,-13.885502912406832,-8.62845732653219,0.67523448445658,-6.697758476310126,0.8811534339934155,0.9224628844910636,14.705483870967742,31,,,,,,False,True
Low Growing Emergent Marsh,2025,2,-5.366320118378447,0.6542806065163125,-0.4262473072600737,0.5017822206050078,0.818208375689339,-0.7179322276777529,0.963473951803244,-14.382822625174756,-9.01650250625088,0.6580904009368864,-6.95054282450021,0.8591133216145284,0.8972375185645242,14.032142857142857,28,,,,,,False,True
Low Growing Emergent Marsh,2025,3,-5.403678764220737,0.6653893134863436,-0.4036064637705796,0.4783437965170164,0.7977425261905791,-0.6900539138913866,0.9580503633945864,-14.654286279214585,-9.250607525356871,0.6471585453979797,-7.087630551349401,0.8450595330693141,0.8835575257225308,13.128387096774194,31,,,,,,False,True
Low Growing Emergent Marsh,2025,4,-5.369121506515591,0.6744747249555545,-0.3926332184732283,0.466006585411259,0.7868354431527652,-0.6729976900652432,0.9637011374612722,-14.69989387452631,-9.330772383850157,0.6424389178398596,-7.109021656857696,0.8389920683577727,0.8814229059650837,11.962333333333333,30,,,,,,False,True
Low Growing Emergent Marsh,2025,5,-5.162581630271774,0.6850241803614638,-0.3941808303617948,0.4667274827997072,0.7831269993123642,-0.6662392740066185,0.99534595225385,-14.455661840306814,-9.293080225585795,0.6449595541578451,-6.978994435977634,0.8422325511547031,0.894398330474532,11.063870967741936,31,,,,,,False,True
Low Growing Emergent Marsh,2025,6,-5.223755194985616,0.7002305329223037,-0.4062996510497257,0.4736486572957695,0.7948322429377717,-0.6700880587427482,0.985010618517926,-14.163783880215188,-8.940028696266483,0.6562371443852816,-6.83563928823734,0.856730809734126,0.9087037496394984,11.089333333333334,30,,,,,,False,True
Low Growing Emergent Marsh,2025,7,-5.153980849902144,0.7111977130535884,-0.4203552899921577,0.4940492623643243,0.8183192329513678,-0.6860026571340692,0.9934040859762376,-13.869202165485682,-8.7152213241424,0.6745220694564269,-6.6862500633884965,0.8802375666246091,0.9236113097367736,11.732903225806453,31,,,,,,False,True
Low Growing Emergent Marsh,2025,8,-5.012537315172962,0.7023335687138851,-0.4315146954255337,0.5056833358525317,0.829109928102999,-0.6987176736756712,1.021219128430244,-13.638993057479702,-8.62645574986452,0.679042277556472,-6.564191748521735,0.8860486614192948,0.935791516616416,12.226451612903226,31,,,,,,False,True
Low Growing Emergent Marsh,2025,9,-5.05464243583827,0.6723463220056006,-0.4453586487359324,0.5012106484990724,0.8221786903574593,-0.703749205444345,1.0133987853865332,-13.562544897323251,-8.50790247700376,0.6652452202873774,-6.527922756194688,0.8683114232426682,0.9394108016306476,13.061333333333332,30,,,,,,False,True
Low Growing Emergent Marsh,2025,10,-4.871597993081188,0.6171204528010777,-0.4724043225964209,0.4831968748880277,0.8015338281189353,-0.7026834332064634,1.0461897631681445,-13.336523615086843,-8.464925636528188,0.633950385269347,-6.406714370382019,0.82807937001662,0.9515061940367888,13.84032258064516,31,,,,,,False,True
Low Growing Emergent Marsh,2025,11,-4.59408488761657,0.5360106143366211,-0.5091940217209526,0.4519279271216736,0.7672213656888686,-0.6964147078814961,1.0955634912599674,-13.053221989028383,-8.459137109880043,0.5850533023823877,-6.252720123816258,0.7652181969133519,0.966873289539403,13.808333333333334,30,,,,,,False,True
Low Growing Emergent Marsh,2025,12,-4.222103119444418,0.4290168066122307,-0.5557277461095271,0.4074038052000102,0.719241303067259,-0.6849430294694427,1.161519969662002,-12.712640019147871,-8.49053689705933,0.5185539716265,-6.065940016497404,0.6797279039328641,0.9855120881384896,13.55258064516129,31,,,,,,False,True
Maidencane Egyptian Paspalidium,2023,1,-10.79604227738311,0.0414080847892253,0.1507579469345064,0.0580309771229861,0.2294810719068497,-0.215706670835116,0.4038688124343438,-20.981476864115425,-10.185434571629823,0.1096400446063537,-10.389771225173504,0.1540358251195902,0.5540367012152877,16.19483870967742,31,10.848722986247544,25.67826187449439,53.12470819369005,84.91179937593895,4.683874956662428,False,False
Maidencane Egyptian Paspalidium,2023,2,-8.239708310496841,0.057261234076708,0.1147371216895533,0.068313467641468,0.2436787079144684,-0.217500543699095,0.6295388625533329,-19.46554113815704,-11.225832824166954,0.1230844698775481,-9.575385852566876,0.1713197262103831,0.6353042685164709,15.809642857142858,28,10.866173581416843,28.433294811048174,34.717912862591014,97.00948803883044,3.2948965676643933,False,False
Maidencane Egyptian Paspalidium,2023,3,-6.822253718060651,0.0678303415946075,0.0792721065987845,0.0721612012401301,0.2518288797049759,-0.2136314971201486,0.7554356663120447,-18.55928402237397,-11.737030307950253,0.1306068075132379,-9.090783095518203,0.1809903024562399,0.6836628079714945,15.008387096774193,31,28.24118802727377,29.62740090142146,26.307662082514724,137.55139258060785,2.26184560268115,False,False
Maidencane Egyptian Paspalidium,2023,4,-6.543678500074543,0.073115407342924,0.0443629016621998,0.0695741779189724,0.2539315872783723,-0.2040995310982767,0.7815592237104794,-18.2627055167662,-11.71902702297971,0.1322070575134229,-8.935962954027493,0.1830475538571607,0.6991123195803585,14.314666666666666,30,181.9708771524326,30.91073616086905,57.17603143418464,142.006390847105,4.134114180053159,False,False
Maidencane Egyptian Paspalidium,2023,5,-8.304050888815556,0.0715298154776062,-0.0036496666955653,0.0523829107230536,0.2368864328291619,-0.180655501493957,0.6267241701311814,-19.10916615300681,-10.805115267870509,0.1202663863432739,-9.397902034890423,0.167696850848329,0.6530153897903289,13.953225806451613,31,110.5875418929851,31.746365422396845,39.40318964520974,168.78529989598977,3.7682341384490905,False,False
Maidencane Egyptian Paspalidium,2023,6,-9.558296108672696,0.0676029951425169,-0.0407613009991819,0.0397748785866135,0.2373753420192997,-0.1665279713625506,0.5055834004938187,-19.540614076041795,-9.982317963840313,0.11491773858281,-9.643911187015243,0.1608207295566722,0.6284661211031713,14.194666666666667,30,202.24176586155085,32.96892407257598,78.29684502484683,153.21518548480296,3.421560152548248,False,False
Maidencane Egyptian Paspalidium,2023,7,-9.923518568153646,0.0640531436736996,-0.0390112243768364,0.0450677573210358,0.2611961182433743,-0.1597803369570342,0.4719070581872192,-19.74158622792961,-9.8180676542109,0.1234390064127032,-9.752816348026734,0.1717755117336082,0.617598468269944,14.896129032258063,31,189.7768404021726,34.69369004969374,96.20873685427016,162.05787588119722,3.2566450941869878,False,False
Maidencane Egyptian Paspalidium,2023,8,-10.615619936953715,0.0564604865274435,-0.0066673319715961,0.0492243083378432,0.2845739522395237,-0.1596030880379162,0.42463182741485,-20.14890192721312,-9.53328198385246,0.1300862490349368,-9.96829300515111,0.1803210822352605,0.5960960391697744,15.324516129032258,31,219.71466543395357,34.81335952848722,125.39326245232866,158.19248815439727,3.4368658268808487,False,False
Maidencane Egyptian Paspalidium,2023,9,-10.723778038750682,0.0526373903042114,0.0107983704178049,0.0596367492075858,0.3123465462233171,-0.1811583337343048,0.416457384720077,-20.84730174415577,-10.123523709148458,0.1415402285783714,-10.319536526833708,0.1950461036126229,0.5610454261582941,15.446333333333333,30,218.83254362648785,33.258511498902095,125.41852536692473,129.9418120882931,3.997133941985437,False,False
Maidencane Egyptian Paspalidium,2023,10,-10.503341289769612,0.049020557567958,0.0284372091992808,0.0636412218881828,0.3164502990655307,-0.20190779227978,0.4282033079888879,-20.80063147840761,-10.29729019267111,0.1430373595072238,-10.29326491321486,0.196970787068575,0.5636670721255429,16.174193548387095,31,52.76655495203973,30.89432566739858,76.7766670518895,127.0104356870449,3.287496821911475,False,False
Maidencane Egyptian Paspalidium,2023,11,-9.938788926625438,0.0457570101419248,0.0466870676626035,0.0635232859366773,0.307455602014831,-0.2271329939261964,0.46329536403484,-20.35989188500357,-10.421102959800288,0.1389119660311444,-10.064122101848614,0.1916672585530102,0.5865332476128124,16.04,30,129.881428406333,28.30137524557956,95.47457529180626,92.01225008667512,4.276210562810586,False,False
Maidencane Egyptian Paspalidium,2023,12,-9.030120949318164,0.0428467480261118,0.0655479458077731,0.0592829413530694,0.285362455071218,-0.2568339386735537,0.5217335528579335,-19.525082963943667,-10.494962010535987,0.1291640481501331,-9.63210809273497,0.1791355180659286,0.6296439526201033,15.893870967741934,31,111.34519819715705,25.379637120073955,109.91108286143528,80.7618976077661,5.553664624985551,False,False
Maidencane Egyptian Paspalidium,2024,1,-10.694387899452993,0.0131027020687009,0.1064039353908292,-0.0419327494259049,0.1365328540735314,-0.1202394420323655,0.5064035823181833,-21.06873066079272,-10.374342750603198,0.0359009355721091,-10.407764432132682,0.059238208905993,0.5522411579667164,16.130967741935486,31,69.3285565699757,24.821530105165834,102.72956200161786,75.44114180053161,5.8571697677106185,False,False
Maidencane Egyptian Paspalidium,2024,2,-9.322906246703942,0.032124547667761,0.1112531342770726,0.005989512139246,0.1812259721277036,-0.1443106217911572,0.5763646321538178,-20.73559190571213,-11.412685651255044,0.0731133439782369,-10.223704792879325,0.1070777835451372,0.5706084808872852,16.302758620689655,29,95.20547786894714,24.432994337224084,104.02871836357323,86.58950652952731,6.323879579336646,False,False
Maidencane Egyptian Paspalidium,2024,3,-8.322053348958256,0.0502893857230799,0.0989136398401664,0.0442000782337066,0.2239094316934497,-0.1699791303665808,0.6299397923507624,-20.340105128574315,-12.0180517742748,0.1061329652167454,-10.012567614864151,0.1495271896022786,0.5916778730955586,15.720967741935485,31,146.1535883508609,28.838518432913425,116.20179128625904,114.70615971339416,7.28428290766208,False,False
Maidencane Egyptian Paspalidium,2024,4,-7.691829206215931,0.0675972162346575,0.0693854520801106,0.0726989488574769,0.2645832327707698,-0.1972449677586363,0.6671290629090172,-19.88227032937928,-12.190441119662465,0.1349597992876347,-9.774352898087162,0.1865864270774173,0.6154493345915367,14.777999999999999,30,20.448514965907773,29.410273893447357,45.67791517392811,162.5548826996417,7.542050156015254,False,False
Maidencane Egyptian Paspalidium,2024,5,-8.38443167750846,0.0926571445965156,-0.0175098228642285,0.1041870397306902,0.3233295430555449,-0.2498912179193081,0.599210445728392,-19.717893925330937,-11.333462243749889,0.1733912424609169,-9.709144350215222,0.2359931699604044,0.6219564996647914,13.608064516129033,31,54.31595978273431,33.871778573905,31.7291459609384,177.0796255633884,5.9464151161446885,False,False
Maidencane Egyptian Paspalidium,2024,6,-7.412240485330606,0.1024945674655389,-0.0638815929101723,0.1063705798126593,0.3436982911116558,-0.2703911824642441,0.7076265543298813,-18.437055694815307,-11.024815211091733,0.184187812796618,-9.04162120922694,0.2498730383845209,0.6885686756813241,13.127333333333333,30,342.5661620247312,33.37382410724603,125.41852536692473,151.43195423552518,6.659791979660234,False,False
Maidencane Egyptian Paspalidium,2024,7,,0.104132794159048,-0.063857033477635,0.0943479083867058,0.3556157445184248,-0.2536968968429297,,,,0.1846988156880595,,0.2505299741221689,,13.528387096774193,31,217.24927770715357,34.521795908933306,125.41852536692473,156.47926730613656,6.790134057552292,False,False
Maidencane Egyptian Paspalidium,2024,8,-7.519254495680449,0.0886614839666056,-0.0263161691924962,0.0732367592016839,0.3330811620492023,-0.2251053952953024,0.6927625151359894,-18.399495529574164,-10.880241034776745,0.1649931350724972,-9.02655713622384,0.2251967205381817,0.6900719204690969,13.985806451612904,31,251.05396972148375,34.30658731075927,125.41852536692473,149.59214145383098,7.2014422743557125,False,False
Maidencane Egyptian Paspalidium,2024,9,-8.640489006606924,0.0641132181988213,0.055522667281054,0.0446891119769445,0.279904411518281,-0.1911790482123344,0.6000072124842234,-19.41597539715993,-10.775486392304284,0.1295689138980156,-9.557985895896728,0.1796560058815323,0.6370406112815711,14.858,30,206.72009707615848,33.737351207673626,125.41852536692473,128.42005084941638,7.235292961978502,False,False
Maidencane Egyptian Paspalidium,2024,10,-8.674967738302437,0.0498954902076536,0.0938796219892119,0.0313106999368943,0.2477886366343021,-0.1830176198659777,0.6054865059228647,-19.825235709523724,-11.150267973426768,0.1096649422596167,-9.761246228832515,0.1540678330758776,0.6167572499367463,15.86516129032258,31,148.93713163064828,30.84186987172078,125.41852536692473,119.5408297700219,7.416782618744942,False,False
Maidencane Egyptian Paspalidium,2024,11,-8.499865703344554,0.0378044308994079,0.1247470199091173,0.0239131738549541,0.2158667395280476,-0.1869291255413485,0.6309090826238606,-20.41531823100066,-11.915452530001838,0.0925281147608032,-10.049931845430798,0.1320370489014078,0.5879492941888516,16.026,30,17.326360799722643,28.480735005200497,75.10265803767479,96.0326823067144,6.580871374089909,False,False
Maidencane Egyptian Paspalidium,2024,12,-8.115182901733274,0.0278400402740841,0.1481248610407704,0.0224965337311239,0.1841387201995176,-0.2029135652384467,0.6762749425872112,-21.18622296159074,-13.071040062029493,0.0781584314015752,-10.424042745691573,0.1135636533581229,0.5506167440378873,15.398387096774194,31,36.89968796949035,25.03215069917947,53.69633653068298,82.65476713278628,6.103562926152778,False,False
Maidencane Egyptian Paspalidium,2025,1,-6.5973568194646885,0.0175246676440906,0.159846794483613,0.0151553996230743,0.1883317240041754,-0.1935605793592396,0.8069317814281588,-18.75468077286718,-12.15732395836608,0.0736705970904467,-9.175607442317446,0.1077941776995685,0.6751981810956187,14.705483870967742,31,,,,,,False,True
Maidencane Egyptian Paspalidium,2025,2,-7.667170881124458,0.0523468950866315,0.1008912645987782,0.0471244859512495,0.2051779017119106,-0.1908046309050878,0.6853214764094696,-19.323731363979164,-11.65656048200078,0.1015497609165972,-9.490535312673732,0.1436351080737075,0.6437715092028266,14.032142857142857,28,,,,,,False,True
Maidencane Egyptian Paspalidium,2025,3,-8.589025863136541,0.0798908078184873,0.0431961057899015,0.0714725905065524,0.2237781008251705,-0.1955053530905338,0.5838517170149603,-19.72981435854751,-11.140788490469609,0.1250471663834034,-9.718944248784677,0.1738429320443379,0.6209785671732135,13.128387096774194,31,,,,,,False,True
Maidencane Egyptian Paspalidium,2025,4,-9.362921765500936,0.100156405839658,-0.0132386819430171,0.0881997132889832,0.2441323213439552,-0.2076627459155775,0.5025225032446308,-19.972929756572228,-10.610007983772562,0.1441628134908655,-9.860834250650274,0.1984176496114595,0.6068193550067796,11.962333333333333,30,,,,,,False,True
Maidencane Egyptian Paspalidium,2025,5,-10.01029526788471,0.1229809625988995,-0.0789072797869354,0.1113592341157513,0.2897077295281539,-0.2618688994540737,0.4443272647850098,-19.949580442419148,-9.939285168900028,0.1746826420809349,-9.863708403604718,0.2376533691024905,0.6065325431035752,11.063870967741936,31,,,,,,False,True
Maidencane Egyptian Paspalidium,2025,6,-10.355656943521025,0.1278460605080643,-0.1490328687250329,0.1067986995202204,0.3065665395037427,-0.2703054779680234,0.4103560561617565,-19.69343850102245,-9.337781551907424,0.1804037665106758,-9.744130235072284,0.2450083394174823,0.6184652560252937,11.089333333333334,30,,,,,,False,True
Maidencane Egyptian Paspalidium,2025,7,-10.54506996408196,0.1102225794481883,-0.1339354064418465,0.0746675936805933,0.2925715216288824,-0.2374258642532231,0.398489656933388,-19.6041824355628,-9.059112463808736,0.1591538982525547,-9.702468801630026,0.2176899071485576,0.6226226530759011,11.732903225806453,31,,,,,,False,True
Maidencane Egyptian Paspalidium,2025,8,-10.61242780123088,0.0850665271988191,-0.081026725927236,0.0503556884212491,0.2893782969171044,-0.2219835607991288,0.4199094675922319,-20.140451524817365,-9.528023719712207,0.1416001708457242,-9.965248394542057,0.1951231642678153,0.5963998610530008,12.226451612903226,31,,,,,,False,True
Maidencane Egyptian Paspalidium,2025,9,-10.568192410373078,0.0635442954695194,0.0072321091974978,0.0227116478723009,0.2683508775860002,-0.1932332582338126,0.4436288113131004,-21.292168912087806,-10.723976504958728,0.1182022736426068,-10.535177254026628,0.1650432662555373,0.5395266244957162,13.061333333333332,30,,,,,,False,True
Maidencane Egyptian Paspalidium,2025,10,-10.419613643277556,0.0512749421738776,0.0381311232721665,0.0095798816538032,0.2505738514702517,-0.182885671747002,0.4609443333971768,-21.743628352087093,-11.324014712283574,0.1038095584326442,-10.756578093562762,0.146540261396718,0.517433020861909,13.84032258064516,31,,,,,,False,True
Maidencane Egyptian Paspalidium,2025,11,-10.189441100082536,0.0445539822810141,0.0495838329284618,0.0053225415526419,0.2306984237258781,-0.1827467789823605,0.4766571012515719,-22.00438260883524,-11.814941509401054,0.0935249825198447,-10.883027029266811,0.1333186034045065,0.5048146736541238,13.808333333333334,30,,,,,,False,True
Maidencane Egyptian Paspalidium,2025,12,-9.877674780788013,0.0433814157909287,0.0415902381663839,0.009939627568817,0.2087245943528796,-0.1928165799398882,0.4907671148762857,-22.07443168233224,-12.19675689631117,0.0873485459042084,-10.914524061138785,0.1253782922789031,0.5016715828723605,13.55258064516129,31,,,,,,False,True
Phragmites,2023,1,-9.153157616497255,0.2520094899090931,-0.4486860377935154,0.2885384841863916,0.5159324080541241,-0.5246113252030148,0.4835267631406527,-14.500042880072709,-5.346885266471738,0.3521601273832029,-7.129139749975263,0.4658150970998472,0.8794153201937794,16.19483870967742,31,10.848722986247544,25.67826187449439,53.12470819369005,84.91179937593895,4.683874956662428,False,False
Phragmites,2023,2,-8.315790408965729,0.277912738721661,-0.4377753271629234,0.3020080196926332,0.5361365924172985,-0.5255500008164512,0.5828188085232758,-14.673509201645729,-6.357718792681646,0.3720191169438642,-7.191049898692456,0.4913454417896253,0.8732373025786092,15.809642857142858,28,10.866173581416843,28.433294811048174,34.717912862591014,97.00948803883044,3.2948965676643933,False,False
Phragmites,2023,3,-7.700997776628921,0.3037813495367377,-0.4299990908853845,0.315085368576071,0.5563955629811235,-0.5277381832134794,0.655270787580426,-14.730087103053844,-7.029089323442859,0.3917540936979773,-7.201225853886299,0.5167163579401292,0.8722218433729476,15.008387096774193,31,28.24118802727377,29.62740090142146,26.307662082514724,137.55139258060785,2.26184560268115,False,False
Phragmites,2023,4,-7.308779719486831,0.3296153223543231,-0.4253573289608987,0.327770530836705,0.5767093197455989,-0.5311758723940996,0.7008827003121034,-14.66977658429706,-7.360996858755379,0.4113650576455424,-7.159667615556792,0.5419278455513586,0.876368942576795,14.314666666666666,30,181.9708771524326,30.91073616086905,57.17603143418464,142.006390847105,4.134114180053159,False,False
Phragmites,2023,5,-7.155056901791742,0.3624811211852269,-0.4342545226876677,0.3445710604442287,0.6027184091911983,-0.5405770605030982,0.719040912584963,-14.463288387669897,-7.308231475603966,0.436590196940218,-7.051883963120161,0.5743568117418868,0.8871246799991469,13.953225806451613,31,110.5875418929851,31.746365422396845,39.40318964520974,168.78529989598977,3.7682341384490905,False,False
Phragmites,2023,6,-6.929243506804797,0.3871382693993396,-0.4296608060817881,0.3544867950455714,0.6213057490651072,-0.5427803920196468,0.7459299751669677,-14.129146177092908,-7.199902661339703,0.454310271170006,-6.87809059251761,0.5971374069797787,0.9044675313285316,14.194666666666667,30,202.24176586155085,32.96892407257598,78.29684502484683,153.21518548480296,3.421560152548248,False,False
Phragmites,2023,7,-7.048030155233683,0.396317771274539,-0.4246981628536415,0.3654262270089845,0.6421960669306641,-0.5492730336259495,0.7268912774238598,-14.04873997069966,-7.000709803858029,0.4679800217380625,-6.842647163091878,0.6147109820481244,0.9080044333691724,14.896129032258063,31,189.7768404021726,34.69369004969374,96.20873685427016,162.05787588119722,3.2566450941869878,False,False
Phragmites,2023,8,-7.354885828331037,0.396673371135825,-0.4179793339535206,0.3719930756592786,0.6560833672785031,-0.5545466997773822,0.6937795033641716,-14.24104352355315,-6.886157688406442,0.4749166046912023,-6.947076884231615,0.6236285230550295,0.8975833849608451,15.324516129032258,31,219.71466543395357,34.81335952848722,125.39326245232866,158.19248815439727,3.4368658268808487,False,False
Phragmites,2023,9,-7.831386586612043,0.384129000237194,-0.4161830108901747,0.3737292176098978,0.6597173018623499,-0.5610281212590366,0.6401187589161472,-14.713239071883237,-6.881852483491723,0.4725251732364806,-7.196589845767713,0.6205541436081534,0.8726844709132485,15.446333333333333,30,218.83254362648785,33.258511498902095,125.41852536692473,129.9418120882931,3.997133941985437,False,False
Phragmites,2023,10,-8.045733939615728,0.3602732995473519,-0.4318716267959573,0.3684329317078815,0.6420397849896762,-0.5644314170563672,0.6133076335125749,-14.873489302929071,-6.827755361417487,0.4569153387483031,-7.2834177426124285,0.6004864330221629,0.8640199096529415,16.174193548387095,31,52.76655495203973,30.89432566739858,76.7766670518895,127.0104356870449,3.287496821911475,False,False
Phragmites,2023,11,-8.18572124375664,0.325707768662587,-0.4587418995918379,0.3566600972182485,0.6080330485924499,-0.5658699590471832,0.5936184815464502,-14.945972956499377,-6.7602517085300455,0.4301336381577618,-7.324581856809903,0.5660563808099703,0.8599121401208962,16.04,30,129.881428406333,28.30137524557956,95.47457529180626,92.01225008667512,4.276210562810586,False,False
Phragmites,2023,12,-8.25134849903478,0.2804324075828995,-0.4967938292778165,0.3384107141409987,0.557697092670671,-0.5653437472314842,0.5810513030177735,-14.930690032594148,-6.679341524829399,0.3921800714648564,-7.320082188360138,0.5172639869715754,0.8603611623171125,15.893870967741934,31,111.34519819715705,25.379637120073955,109.91108286143528,80.7618976077661,5.553664624985551,False,False
Phragmites,2024,1,-8.768338303672582,0.258387055965291,-0.4710195312644119,0.315180864509349,0.5186485733889112,-0.541807382056992,0.5393870552928404,-14.998007630167937,-6.229669324690323,0.3640721646211837,-7.3641570508095,0.4811289888622735,0.8559629290348407,16.130967741935486,31,69.3285565699757,24.821530105165834,102.72956200161786,75.44114180053161,5.8571697677106185,False,False
Phragmites,2024,2,-8.201476575243182,0.2508680627481015,-0.4550921301007589,0.3043662995727785,0.5020321091772936,-0.5174191375037779,0.5995025987908973,-14.628865756108768,-6.427389174494988,0.3524221571660579,-7.1645572267640105,0.4661519576765064,0.8758810079684075,16.302758620689655,29,95.20547786894714,24.432994337224084,104.02871836357323,86.58950652952731,6.323879579336646,False,False
Phragmites,2024,3,-7.651713854464592,0.2613842518680183,-0.4496836754749961,0.3071344854781765,0.5058585619844375,-0.5086118211128045,0.6612679077489257,-14.387799960564935,-6.736086096678296,0.3581257664435441,-7.028583000989724,0.47348441084011,0.8894498844684472,15.720967741935485,31,146.1535883508609,28.838518432913425,116.20179128625904,114.70615971339416,7.28428290766208,False,False
Phragmites,2024,4,-7.119050141336811,0.2899356233250412,-0.4547941673871236,0.323485422225543,0.5301279318103431,-0.5153854328840718,0.7246829821669257,-14.27481024353644,-7.155760091240243,0.3811829924536424,-6.956234373486642,0.5031263483530842,0.8966695585349594,14.777999999999999,30,20.448514965907773,29.410273893447357,45.67791517392811,162.5548826996417,7.542050156015254,False,False
Phragmites,2024,5,-6.643303903079346,0.3441218491446425,-0.4825397357521538,0.354862653065756,0.5787359017019862,-0.5406858310517719,0.789229315490788,-14.373192673936511,-7.729888762311257,0.4259068013041283,-6.9892890059590815,0.5606224385899449,0.8933710346917918,13.608064516129033,31,54.31595978273431,33.871778573905,31.7291459609384,177.0796255633884,5.9464151161446885,False,False
Phragmites,2024,6,-5.833113969944488,0.4028147368098442,-0.5051029770940684,0.3974986503303797,0.6411531409189262,-0.578267494229181,0.8925887936552869,-14.404634492897596,-8.57152050864913,0.4804888426863833,-6.979170044458981,0.6307920877608721,0.8943808064931876,13.127333333333333,30,342.5661620247312,33.37382410724603,125.41852536692473,151.43195423552518,6.659791979660234,False,False
Phragmites,2024,7,,0.4677210103497663,-0.5047311861546249,0.4380574100360199,0.7017972204848593,-0.6051030081566402,,,,0.5358585469568818,,0.7019743415748894,,13.528387096774193,31,217.24927770715357,34.521795908933306,125.41852536692473,156.47926730613656,6.790134057552292,False,False
Phragmites,2024,8,-5.90544686858469,0.494680620490212,-0.4804200760049655,0.4493872920119424,0.7228281418458655,-0.6155163536186903,0.8832750911472653,-14.516095507943437,-8.610648631096172,0.5556320181160066,-7.037228979119258,0.7273947454108352,0.8885871017697874,13.985806451612904,31,251.05396972148375,34.30658731075927,125.41852536692473,149.59214145383098,7.2014422743557125,False,False
Phragmites,2024,9,-6.252774215000415,0.4545055937580793,-0.4645067015709532,0.4236914177226183,0.6917304533616913,-0.601120808861157,0.8350990944674358,-14.421847089930464,-8.169072868723106,0.523309154947463,-7.002148769796637,0.6858410784665652,0.8920877580536065,14.858,30,206.72009707615848,33.737351207673626,125.41852536692473,128.42005084941638,7.235292961978502,False,False
Phragmites,2024,10,-6.394993627971341,0.423461803308579,-0.4637769293427687,0.4054034745576483,0.6694735718300625,-0.5988676631754126,0.8156394513163059,-14.359616999505128,-7.964623368848952,0.4994462832320965,-6.975898636252278,0.6551634179380514,0.8947072605228775,15.86516129032258,31,148.93713163064828,30.84186987172078,125.41852536692473,119.5408297700219,7.416782618744942,False,False
Phragmites,2024,11,-6.567427896122068,0.3759010145017515,-0.4717058930802821,0.3788248945439748,0.6342814073948172,-0.5959977166584706,0.7923546941670621,-14.232421210492753,-7.664993314129878,0.4630024388135145,-6.918121931644409,0.6083118947533006,0.9004728014916844,16.026,30,17.326360799722643,28.480735005200497,75.10265803767479,96.0326823067144,6.580871374089909,False,False
Phragmites,2024,12,-6.770077019452596,0.3118232273375966,-0.4882935927834934,0.3439556776815975,0.5861539600559557,-0.5925109693103309,0.7652448230197046,-14.040259722893344,-7.270182704565883,0.4139776216917166,-6.82881865597303,0.5452865089123121,0.9093843809600272,15.398387096774194,31,36.89968796949035,25.03215069917947,53.69633653068298,82.65476713278628,6.103562926152778,False,False
Phragmites,2025,1,-5.687061226031008,0.255984194045004,-0.5299666813719592,0.3086813534007585,0.5045468714099646,-0.5523180218037743,0.914539511288866,-13.563172196820416,-7.876110985102445,0.3564041396185757,-6.552951224166251,0.4712711196686557,0.9369132092453444,14.705483870967742,31,,,,,,False,True
Phragmites,2025,2,-5.486302130539359,0.346018218077075,-0.5041134195753386,0.3530105081538486,0.5651771208028218,-0.5700681675722965,0.944283472953012,-14.243882196942614,-8.757580072460094,0.4214019490112484,-6.885870231747264,0.5548310849330809,0.9036912006429114,14.032142857142857,28,,,,,,False,True
Phragmites,2025,3,-5.348972670919397,0.4161034645710699,-0.4884878435843237,0.3888778292898786,0.6160476355959036,-0.5862682320590535,0.9653220090610116,-14.69852997450017,-9.349557304988725,0.4736763098189507,-7.10793448533682,0.6220340232186292,0.8815313948791931,13.128387096774194,31,,,,,,False,True
Phragmites,2025,4,-5.275072847171122,0.4662399335269889,-0.4830899533989146,0.4162833168088484,0.6571584157892096,-0.6009182152640457,0.9776551196128652,-14.92711552949308,-9.652042682688329,0.5132272220416824,-7.219143984934917,0.6728799345253008,0.8704337919541898,11.962333333333333,30,,,,,,False,True
Phragmites,2025,5,-5.421069658902856,0.5086465926271838,-0.4869418005520627,0.4428920151052002,0.7023045130669134,-0.6198927939470318,0.9599334812566828,-14.98003187100728,-9.55896221845369,0.5512810402664324,-7.2500325667767855,0.7218012098536555,0.8673514184390104,11.063870967741936,31,,,,,,False,True
Phragmites,2025,6,-5.373052116594113,0.4995564839699817,-0.5081320220575956,0.4400762137365247,0.7150917223399431,-0.6265097184495869,0.970271893297393,-14.722860387923758,-9.349808283197884,0.5515748066821499,-7.11886222360459,0.7221788704505674,0.8804409151935335,11.089333333333334,30,,,,,,False,True
Phragmites,2025,7,-5.272505116222595,0.5075104556825865,-0.5297633898183034,0.4508611704793989,0.7347598693663334,-0.6415550036776223,0.9833145237878728,-14.270447731894317,-8.997942623731273,0.5643771651761061,-6.889395237015078,0.7386373425291403,0.9033394401466216,11.732903225806453,31,,,,,,False,True
Phragmites,2025,8,-5.188431425065627,0.5321406866053586,-0.5283783621877929,0.4661626620096007,0.7520764405640379,-0.6574434668672746,0.994448527839983,-13.784790914785876,-8.596359496218835,0.5834599297263324,-6.643783327057588,0.7631697868971172,0.9278490680130396,12.226451612903226,31,,,,,,False,True
Phragmites,2025,9,-5.029517538382943,0.4992631277081603,-0.5280310982350565,0.4361254460466837,0.7207843443627192,-0.6445755893452116,1.018170563658629,-13.340666229571038,-8.311148693662215,0.5520576393725211,-6.415790474489392,0.722799591105816,0.9506004890398811,13.061333333333332,30,,,,,,False,True
Phragmites,2025,10,-4.846378140410384,0.4720125146277237,-0.5349614527612218,0.4208242282543001,0.7008432978409992,-0.6399319843046318,1.0466941008257922,-13.0835823773026,-8.237204238757975,0.5312266802410077,-6.280117663911292,0.6960197005569181,0.9641392872986292,13.84032258064516,31,,,,,,False,True
Phragmites,2025,11,-4.624875489888728,0.4301715905520313,-0.5463265319811169,0.4014882677431353,0.6726649540220937,-0.6330852115746789,1.082164150466448,-12.902872331704964,-8.277996845113082,0.5014416041057534,-6.180895129060081,0.6577285650476546,0.9740407102613295,13.808333333333334,30,,,,,,False,True
Phragmites,2025,12,-4.365009586817974,0.373740355481083,-0.562126335894742,0.3781175645131892,0.6362493129060026,-0.6240352711553526,1.1245807125805962,-12.798536092778123,-8.433526512727534,0.4627024109667583,-6.118122869935759,0.607926184578026,0.980304757927983,13.55258064516129,31,,,,,,False,True
Sawgrass,2023,1,-11.159254014364752,0.1087593686132193,-0.3703867481887424,0.2379453263425175,0.4806801580617378,-0.5099993707867846,0.3165610062429012,-17.460171562780612,-6.300917547138502,0.2757949510058249,-8.650945529510242,0.3676414579398673,0.7275542262109111,16.19483870967742,31,10.848722986247544,25.67826187449439,53.12470819369005,84.91179937593895,4.683874956662428,False,False
Sawgrass,2023,2,-8.434736231040835,0.2059721400111044,-0.4197696400770541,0.2884463144134433,0.529425195278303,-0.5388052518077938,0.6050373886573039,-16.139814550483297,-7.705078318658195,0.3412812165676169,-7.918647927881256,0.4518293732983982,0.8006302497087259,15.809642857142858,28,10.866173581416843,28.433294811048174,34.717912862591014,97.00948803883044,3.2948965676643933,False,False
Sawgrass,2023,3,-6.582601850968058,0.2749643016331356,-0.45383143098455,0.3214280688978254,0.5631934532680598,-0.5568365293478741,0.8056819160751568,-15.233986648380537,-8.65138479664487,0.386528607933007,-7.415572844979576,0.5099985714010047,0.8508321437167223,15.008387096774193,31,28.24118802727377,29.62740090142146,26.307662082514724,137.55139258060785,2.26184560268115,False,False
Sawgrass,2023,4,-5.602850874146418,0.3157358534793129,-0.4725721209112302,0.336890589795664,0.5819849320310082,-0.5640932034070254,0.9184945884964604,-14.742687856472324,-9.139836981098524,0.411537125101995,-7.1417202808052025,0.5421490522476868,0.8781599082349001,14.314666666666666,30,181.9708771524326,30.91073616086905,57.17603143418464,142.006390847105,4.134114180053159,False,False
Sawgrass,2023,5,-5.435064250621685,0.3400952951788847,-0.4833032879102816,0.3426970311300441,0.5947780890865936,-0.5653277420577489,0.9619595165886318,-14.832461224708476,-9.397396970484602,0.4258568051318407,-7.175740732306533,0.5605581644481125,0.8747650052503932,13.953225806451613,31,110.5875418929851,31.746365422396845,39.40318964520974,168.78529989598977,3.7682341384490905,False,False
Sawgrass,2023,6,-6.1798104574550585,0.3134858862260686,-0.4659906767069666,0.3111046306161901,0.5735217345072405,-0.5444613627630395,0.8964998890864241,-15.144731284686811,-8.964920823493351,0.3993707504498331,-7.348240669137199,0.5265081890735621,0.8575512257580553,14.194666666666667,30,202.24176586155085,32.96892407257598,78.29684502484683,153.21518548480296,3.421560152548248,False,False
Sawgrass,2023,7,-7.2096793128184355,0.271427872691123,-0.4442398699156404,0.2850388179522292,0.5605825698690154,-0.5323203823171486,0.7797671126318191,-15.412109211294084,-8.202429895426084,0.3723497535041225,-7.511112826726697,0.4917705019531675,0.8412982029587535,14.896129032258063,31,189.7768404021726,34.69369004969374,96.20873685427016,162.05787588119722,3.2566450941869878,False,False
Sawgrass,2023,8,-8.46167722091369,0.2237654512263745,-0.4081506790683527,0.2689836834467082,0.5584350987216535,-0.5274517433874983,0.6553755279387863,-15.88032165464641,-7.418644431245172,0.3503947444649121,-7.776316944716623,0.4635455539150975,0.8148334674265895,15.324516129032258,31,219.71466543395357,34.81335952848722,125.39326245232866,158.19248815439727,3.4368658268808487,False,False
Sawgrass,2023,9,-9.43084192887594,0.2006243437224041,-0.3949163527127294,0.2669243443540111,0.5680308552105326,-0.5344734258079475,0.5492591458170654,-16.47356707922401,-7.042725149981775,0.3451931810956493,-8.099468753066166,0.4568585215594301,0.7825861282467504,15.446333333333333,30,218.83254362648785,33.258511498902095,125.41852536692473,129.9418120882931,3.997133941985437,False,False
Sawgrass,2023,10,-9.812996594594,0.1878176121824235,-0.4094655021765111,0.275971061466472,0.5691634776917598,-0.5504953009520951,0.502000238870949,-16.702903045457724,-6.8899064508702255,0.3443173837802185,-8.22595146301275,0.4557326129489728,0.7699644107051892,16.174193548387095,31,52.76655495203973,30.89432566739858,76.7766670518895,127.0104356870449,3.287496821911475,False,False
Sawgrass,2023,11,-9.768654153422872,0.1871448142423449,-0.4453694968093481,0.2964055498583737,0.5696611664189306,-0.5757506518133467,0.4963662208678787,-16.759069284774604,-6.990415130963501,0.3510705101732164,-8.255443087073274,0.4644143056413544,0.7670214396944395,16.04,30,129.881428406333,28.30137524557956,95.47457529180626,92.01225008667512,4.276210562810586,False,False
Sawgrass,2023,12,-9.29781460536256,0.1986059499021683,-0.5026283366112406,0.3282278095297163,0.5695239213920449,-0.6102394783917022,0.532357091807855,-16.64206579717465,-7.344251190261605,0.3654525602746432,-8.18794362524774,0.4829035996365751,0.7737572152145014,15.893870967741934,31,111.34519819715705,25.379637120073955,109.91108286143528,80.7618976077661,5.553664624985551,False,False
Sawgrass,2024,1,-11.285009245620618,0.1470116167497428,-0.3692345475460508,0.2435058824972995,0.4528477911801404,-0.4977089733624542,0.341231857212672,-18.108821739323016,-6.823812494150174,0.2811217634757276,-8.969102905470283,0.3744895081913171,0.6958052817517999,16.130967741935486,31,69.3285565699757,24.821530105165834,102.72956200161786,75.44114180053161,5.8571697677106185,False,False
Sawgrass,2024,2,-9.409658559158892,0.1991934279294267,-0.4095765402773796,0.2700323633819378,0.4856277871745437,-0.5196557953578437,0.5265894348969975,-16.989360731533537,-7.579702173527769,0.3182845261619694,-8.3630330073308,0.4222652592236665,0.7562850348183652,16.302758620689655,29,95.20547786894714,24.432994337224084,104.02871836357323,86.58950652952731,6.323879579336646,False,False
Sawgrass,2024,3,-7.832751419151089,0.2433890725806863,-0.4453105160316503,0.2927139140067531,0.5140073016663919,-0.5375371521206667,0.6887965689383828,-16.16959066101844,-8.336839243537765,0.3500367627512771,-7.912596188692227,0.4630853393350042,0.8012341531411507,15.720967741935485,31,146.1535883508609,28.838518432913425,116.20179128625904,114.70615971339416,7.28428290766208,False,False
Sawgrass,2024,4,-6.554287825597204,0.2795985507035219,-0.4764364748088625,0.3115505343717453,0.5379863346556847,-0.551353043650923,0.8278532593368284,-15.64951152777772,-9.095223704180167,0.3763784732436506,-7.617792449554565,0.49694974852533,0.8306526367201562,14.777999999999999,30,20.448514965907773,29.410273893447357,45.67791517392811,162.5548826996417,7.542050156015254,False,False
Sawgrass,2024,5,-5.162627149012014,0.3248871805081266,-0.5191754398573647,0.3336945969554361,0.5634712869442808,-0.5658068480682319,0.9998665651623182,-15.406879561631554,-10.244252416409902,0.4073510214692812,-7.453473140472788,0.5367674758928646,0.8470500708574433,13.608064516129033,31,54.31595978273431,33.871778573905,31.7291459609384,177.0796255633884,5.9464151161446885,False,False
Sawgrass,2024,6,-4.410300846879461,0.3370502841877862,-0.5366639073941216,0.3410588165169737,0.5727751504532759,-0.5694058475518037,1.0953902094617405,-15.431842246773098,-11.02154140290883,0.4169614170526786,-7.442073571774912,0.5491224202922154,0.8481876345312527,13.127333333333333,30,342.5661620247312,33.37382410724603,125.41852536692473,151.43195423552518,6.659791979660234,False,False
Sawgrass,2024,7,,0.3312192585838946,-0.5300815529322117,0.3370113128744679,0.5741167502922687,-0.5577818126895532,,,,0.4141157739168771,,0.5454641148230879,,13.528387096774193,31,217.24927770715357,34.521795908933306,125.41852536692473,156.47926730613656,6.790134057552292,False,False
Sawgrass,2024,8,-5.374274319147752,0.3016444619595217,-0.5127735953955619,0.322617986949504,0.5702112035172195,-0.556258207714643,0.9939360673872676,-15.777165527299813,-10.402891205870135,0.3981578841420818,-7.640098746232608,0.52494895088549,0.828426689978602,13.985806451612904,31,251.05396972148375,34.30658731075927,125.41852536692473,149.59214145383098,7.2014422743557125,False,False
Sawgrass,2024,9,-6.946297348508893,0.2563469530713866,-0.4857595975933317,0.3077164448653418,0.5632205006190157,-0.5559851585349683,0.8168434918907643,-16.11509829627137,-9.16880094397672,0.3757612995185814,-7.853338274216554,0.4961563215543172,0.807147504135368,14.858,30,206.72009707615848,33.737351207673626,125.41852536692473,128.42005084941638,7.235292961978502,False,False
Sawgrass,2024,10,-7.572780727629922,0.2312615925699012,-0.4871720300267868,0.3028708734163154,0.558864983466061,-0.5668906533300669,0.7368487608716887,-16.165572100111035,-8.592791369543097,0.3643324831507592,-7.898573859103092,0.481463649483797,0.8026334422884459,15.86516129032258,31,148.93713163064828,30.84186987172078,125.41852536692473,119.5408297700219,7.416782618744942,False,False
Sawgrass,2024,11,-8.040028947152777,0.2113478251613788,-0.499034508387231,0.302364889265697,0.5544263553230004,-0.5849592888430487,0.6683772035763199,-16.115329970366442,-8.075301023247004,0.3560463565833587,-7.890570684297476,0.470811160505812,0.8034320796031814,16.026,30,17.326360799722643,28.480735005200497,75.10265803767479,96.0326823067144,6.580871374089909,False,False
Sawgrass,2024,12,-8.348042007077456,0.1966056508458192,-0.5213470326746642,0.3061984924134867,0.549904616189834,-0.6101910650739136,0.6114288200046581,-15.964371907037602,-7.616329905088444,0.35090291981638,-7.829328749799711,0.4641988546203623,0.8095434160795745,15.398387096774194,31,36.89968796949035,25.03215069917947,53.69633653068298,82.65476713278628,6.103562926152778,False,False
Sawgrass,2025,1,-5.221252943180196,0.209928668908037,-0.5664161804436095,0.3058211447380249,0.4953343984976437,-0.5856353280534872,0.9942433016832922,-14.506706289808823,-9.285453350955388,0.3370280707145686,-7.004792320565279,0.4463616087219305,0.8918239579569557,14.705483870967742,31,,,,,,False,True
Sawgrass,2025,2,-5.562980131282149,0.224957685717673,-0.5718483087236161,0.289925623096024,0.4676327520699363,-0.5363079855465004,0.947139310593547,-15.6910577906798,-10.128077661422225,0.3275053536278778,-7.608744068197657,0.4341193821542682,0.83155557526206,14.032142857142857,28,,,,,,False,True
Sawgrass,2025,3,-5.758857014494878,0.2484704318355544,-0.5688102952244397,0.2874513034408526,0.4644228758264411,-0.5081915543310674,0.9207530529917172,-16.51713433700077,-10.758277322744767,0.3334482037009493,-8.028378905312174,0.4417593987997142,0.7896801886033196,13.128387096774194,31,,,,,,False,True
Sawgrass,2025,4,-5.808883592818384,0.2804669072616812,-0.5573021399460798,0.2983981857725105,0.485704769767158,-0.5012860344071881,0.9150845288778028,-16.984935928771726,-11.176052334923012,0.3548566209337832,-8.26369683190883,0.4692816586582684,0.7661977979807342,11.962333333333333,30,,,,,,False,True
Sawgrass,2025,5,-5.867373528256215,0.3347930484615106,-0.531365571737817,0.333280920542239,0.5441978909325597,-0.5201706909118016,0.9065396980067292,-17.295565547656295,-11.42819201849362,0.4040906199787697,-8.421147849099851,0.5325759648582492,0.7504857511210814,11.063870967741936,31,,,,,,False,True
Sawgrass,2025,6,-5.446839548459843,0.3825463739184838,-0.5119815955238998,0.3660162755955417,0.6117744116353226,-0.5555231259078645,0.9702447348109248,-17.0542843994525,-11.607444851289278,0.4534456870497827,-8.284581016097674,0.5960259138428703,0.764113763933481,11.089333333333334,30,,,,,,False,True
Sawgrass,2025,7,-4.994840343771825,0.4097933649226122,-0.4857209522662827,0.3923116827138609,0.6756161173442458,-0.5969518064757677,1.035093041636166,-16.176358542376313,-11.181518197216867,0.4925737216602395,-7.82940601043221,0.6463281816187374,0.809535706236222,11.732903225806453,31,,,,,,False,True
Sawgrass,2025,8,-4.920380152720238,0.3802145699141272,-0.4847144404939893,0.3887551197439943,0.6847967169812241,-0.6148961811852762,1.0467448042060017,-15.591919234571067,-10.671539079711463,0.4845888022131152,-7.534273415699192,0.6360629188679569,0.8389870063356696,12.226451612903226,31,,,,,,False,True
Sawgrass,2025,9,-5.024119765665242,0.3417735298385006,-0.5048827298008257,0.3721961244509113,0.6645255045794818,-0.6215547584108021,1.0314124155537066,-15.638933423560353,-10.61481365830106,0.4594983862896313,-7.561613607993237,0.6038071505178216,0.8362587268355455,13.061333333333332,30,,,,,,False,True
Sawgrass,2025,10,-5.009868361747844,0.305008872673511,-0.5318120941962715,0.3554484729362891,0.6286847837063987,-0.617197884626665,1.0349712030033662,-15.65483147157347,-10.644963110042973,0.4297140431053995,-7.568672935090229,0.5655169572766524,0.8355542761427246,13.84032258064516,31,,,,,,False,True
Sawgrass,2025,11,-4.986061577350084,0.2613621948255277,-0.57166470220898,0.3332661202256251,0.5714659819963388,-0.6025919484683593,1.0408102444745262,-15.748787197289424,-10.76272561929057,0.3886980990158306,-7.614191037363888,0.5127876284664057,0.8310120218680602,13.808333333333334,30,,,,,,False,True
Sawgrass,2025,12,-4.95269941247196,0.2108334962945509,-0.6244405538389514,0.3056490663189193,0.4928690994493019,-0.5777369499358848,1.0489295399671872,-15.920800600708215,-10.968101186043866,0.336450554020924,-7.698167914814213,0.4456191640870809,0.822631964011552,13.55258064516129,31,,,,,,False,True
Shrub Swamp,2023,1,-6.122110667183606,0.2109786389655847,-0.4859727730446647,0.3616932265569402,0.6265559979307462,-0.5993012544736499,0.8518549785901702,-13.703832137386696,-7.581721479562312,0.3997426211510904,-6.638952326385611,0.5269862590757708,0.9283311538724472,16.19483870967742,31,10.848722986247544,25.67826187449439,53.12470819369005,84.91179937593895,4.683874956662428,False,False
Shrub Swamp,2023,2,-5.804883647143549,0.3112649527768081,-0.5019246890081095,0.4033126133464125,0.6560416209032834,-0.6062103210052194,0.9011415465903536,-14.4879046466105,-8.683021009715619,0.456873062342168,-7.018666939219829,0.6004320832669763,0.8904394088930673,15.809642857142858,28,10.866173581416843,28.433294811048174,34.717912862591014,97.00948803883044,3.2948965676643933,False,False
Shrub Swamp,2023,3,-5.534371383290864,0.3871769870946586,-0.5094475952116381,0.4391807850256981,0.6858444299329784,-0.6166805310323169,0.9425578758615676,-15.010842976843174,-9.476471602616074,0.5040674006844451,-7.269782021722136,0.661104239904347,0.865380619093983,15.008387096774193,31,28.24118802727377,29.62740090142146,26.307662082514724,137.55139258060785,2.26184560268115,False,False
Shrub Swamp,2023,4,-5.310573875625552,0.4387147419191364,-0.5085414916552506,0.4692977415947971,0.7159644250198312,-0.6307118845549424,0.976103966403812,-15.272647128084715,-9.962073258263684,0.5413256361779215,-7.3922975738925345,0.7090027289878824,0.8531547844751941,14.314666666666666,30,181.9708771524326,30.91073616086905,57.17603143418464,142.006390847105,4.134114180053159,False,False
Shrub Swamp,2023,5,-5.206350136330117,0.4803146584051511,-0.4965140291863784,0.5136677490278941,0.7741562521526983,-0.6694170674467805,0.9876792218415612,-15.454745693152836,-10.248395555627791,0.5893795531952479,-7.480453040817296,0.770779943855681,0.8443577449135127,13.953225806451613,31,110.5875418929851,31.746365422396845,39.40318964520974,168.78529989598977,3.7682341384490905,False,False
Shrub Swamp,2023,6,-5.06866872703251,0.4995556162643603,-0.4891379605299057,0.5398656969538342,0.8142407833812277,-0.6997226947349027,1.0102394113329187,-14.886788122364546,-9.81811938987519,0.6178873655331408,-7.190834206984832,0.8074290529714664,0.8732588264676121,14.194666666666667,30,202.24176586155085,32.96892407257598,78.29684502484683,153.21518548480296,3.421560152548248,False,False
Shrub Swamp,2023,7,-4.846482688278556,0.4737008272629613,-0.5003338476665329,0.5249728584454196,0.8001961892945082,-0.6940030756819167,1.0472142957265094,-14.609333040043166,-9.762850336483703,0.5996232916676297,-7.04286294226973,0.7839491020000565,0.8880248882343972,14.896129032258063,31,189.7768404021726,34.69369004969374,96.20873685427016,162.05787588119722,3.2566450941869878,False,False
Shrub Swamp,2023,8,-4.769449604597568,0.4381156986322949,-0.498133247523685,0.5071712910450478,0.7842693949835109,-0.6814780107210776,1.0589033312378031,-14.13942756969441,-9.369977945196108,0.5765187948869511,-6.804987947062571,0.7542463940705926,0.9117624488936602,15.324516129032258,31,219.71466543395357,34.81335952848722,125.39326245232866,158.19248815439727,3.4368658268808487,False,False
Shrub Swamp,2023,9,-5.215511135402698,0.400134324119226,-0.5169448345709176,0.4947004031137634,0.7757985286330308,-0.6846975186163895,0.9905719301725932,-14.088130795483584,-8.872619645420047,0.5568777519553401,-6.796422411533433,0.7289962374813534,0.912617204220192,15.446333333333333,30,218.83254362648785,33.258511498902095,125.41852536692473,129.9418120882931,3.997133941985437,False,False
Shrub Swamp,2023,10,-5.335502371155167,0.3739418824563132,-0.5070704561285097,0.4701661067056329,0.7421109169675608,-0.664371495111404,0.9739596231159868,-14.003944062910833,-8.668441683517308,0.5287396353765024,-6.7584821236168295,0.6928224023028547,0.916403267925904,16.174193548387095,31,52.76655495203973,30.89432566739858,76.7766670518895,127.0104356870449,3.287496821911475,False,False
Shrub Swamp,2023,11,-5.432757426466662,0.3497109040678946,-0.4847143629854138,0.4380824904908408,0.6946099174964779,-0.6337167237863798,0.9611502624549644,-13.987909177306468,-8.555151752370293,0.4941344373517378,-6.753667023422115,0.6483346084535461,0.9168837670756904,16.04,30,129.881428406333,28.30137524557956,95.47457529180626,92.01225008667512,4.276210562810586,False,False
Shrub Swamp,2023,12,-5.507276301337182,0.32744138895397,-0.4498765551416302,0.3984495544693868,0.6332955302197822,-0.5927332046413167,0.9521438481895258,-14.040026138670491,-8.532749851979005,0.4530621578810463,-6.781977110949288,0.5955328559334276,0.9140587016695508,15.893870967741934,31,111.34519819715705,25.379637120073955,109.91108286143528,80.7618976077661,5.553664624985551,False,False
Shrub Swamp,2024,1,-6.096933942883618,0.1995601336172349,-0.3918126119943435,0.3110174399970217,0.5600568793740406,-0.528159754515666,0.8597318608973611,-13.834086020434668,-7.737152074610054,0.356878150996099,-6.702110044257745,0.4718804998094772,0.9220286412532254,16.130967741935486,31,69.3285565699757,24.821530105165834,102.72956200161786,75.44114180053161,5.8571697677106185,False,False
Shrub Swamp,2024,2,-5.81478129784026,0.2706646651874431,-0.3884417483025504,0.331744163549159,0.5688511226958752,-0.5181353382836802,0.8980316969270189,-14.453787221620257,-8.639005927160849,0.3904199838108257,-7.002385687423586,0.5150012512792902,0.8920641160287857,16.302758620689655,29,95.20547786894714,24.432994337224084,104.02871836357323,86.58950652952731,6.323879579336646,False,False
Shrub Swamp,2024,3,-5.568219579160592,0.3338453014301236,-0.3961841912777766,0.3584293061537015,0.5906955665218746,-0.5242982026932649,0.9327783649487744,-14.870566949595393,-9.302347378250529,0.4276567247018999,-7.202088885514435,0.5628721073049291,0.8721357213927626,15.720967741935485,31,146.1535883508609,28.838518432913425,116.20179128625904,114.70615971339416,7.28428290766208,False,False
Shrub Swamp,2024,4,-5.357248786844613,0.3891020423452765,-0.4150399409200219,0.3910728678106494,0.6255902108520385,-0.5466483477444202,0.9639718649626272,-15.084425204360072,-9.727176427879105,0.4685883736693215,-7.30121963853029,0.6154930678863938,0.8622434573451564,14.777999999999999,30,20.448514965907773,29.410273893447357,45.67791517392811,162.5548826996417,7.542050156015254,False,False
Shrub Swamp,2024,5,-5.290825659166732,0.4575619650164823,-0.4718415870429046,0.448452343753102,0.7006802651503306,-0.6100751116356266,0.9733442238746676,-15.37042441403092,-10.07959876960982,0.5355648579733049,-7.441876154733202,0.7015967805232857,0.8482073347902005,13.608064516129033,31,54.31595978273431,33.871778573905,31.7291459609384,177.0796255633884,5.9464151161446885,False,False
Shrub Swamp,2024,6,-4.872932835802613,0.5010425852267075,-0.5343374452656223,0.5073512338991096,0.7849796270517436,-0.6887321193492304,1.0429678818788553,-14.957416997053835,-10.084484176175678,0.5977911487258537,-7.217966531788319,0.7815937333806408,0.8705512900773803,13.127333333333333,30,342.5661620247312,33.37382410724603,125.41852536692473,151.43195423552518,6.659791979660234,False,False
Shrub Swamp,2024,7,,0.4969715546635623,-0.4965889655049285,0.5044175979358047,0.767070666513292,-0.6667437524620012,,,,0.5894866063708863,,0.770917569411394,,13.528387096774193,31,217.24927770715357,34.521795908933306,125.41852536692473,156.47926730613656,6.790134057552292,False,False
Shrub Swamp,2024,8,-4.917684139731509,0.463615153615005,-0.5004732107897811,0.5039422912173761,0.7703801801162479,-0.675798093891906,1.0424754216674748,-14.325119078421835,-9.407434947573648,0.579312541649543,-6.901940686014879,0.7578379825352046,0.9020875290057676,13.985806451612904,31,251.05396972148375,34.30658731075927,125.41852536692473,149.59214145383098,7.2014422743557125,False,False
Shrub Swamp,2024,9,-5.135451174858867,0.4189547398819198,-0.4971826007893061,0.5008911200228439,0.7685006058611178,-0.6792329042019256,1.0104654787454808,-13.803237511273789,-8.667786339740637,0.5627821552552938,-6.649002386781953,0.7365868276760272,0.9273282577165072,14.858,30,206.72009707615848,33.737351207673626,125.41852536692473,128.42005084941638,7.235292961978502,False,False
Shrub Swamp,2024,10,-5.201111579818566,0.3859029656964547,-0.5037960043335473,0.4890345852597957,0.757539456529771,-0.6807449347563108,0.9984510090033164,-13.648488764051312,-8.447377186951684,0.5441590024953404,-6.574631630454562,0.7126452516094465,0.9347497201449536,15.86516129032258,31,148.93713163064828,30.84186987172078,125.41852536692473,119.5408297700219,7.416782618744942,False,False
Shrub Swamp,2024,11,-5.289113033970367,0.350528921783643,-0.5137227467474235,0.4662312851991723,0.7346195807642922,-0.6767802379851617,0.9797481514825735,-13.714055463384426,-8.424942434826692,0.5171265959157025,-6.612090695174728,0.6778928964775672,0.9310116777321312,16.026,30,17.326360799722643,28.480735005200497,75.10265803767479,96.0326823067144,6.580871374089909,False,False
Shrub Swamp,2024,12,-5.3994555373142745,0.3128326081434845,-0.5269628280309344,0.4324812198409737,0.6997409785646814,-0.6673388138884787,0.954356906183252,-13.999937609273134,-8.600482083365662,0.4816849355163799,-6.761379580942455,0.6323297622803892,0.9161141304780408,15.398387096774194,31,36.89968796949035,25.03215069917947,53.69633653068298,82.65476713278628,6.103562926152778,False,False
Shrub Swamp,2025,1,-4.983975493971287,0.2977067085202585,-0.6018013601790677,0.4117038334436552,0.682707299947087,-0.6486016965100918,1.0298082371317598,-14.89300589420905,-9.909030389030484,0.4640392806370002,-7.189050885019765,0.6096448391642693,0.8734367842781164,14.705483870967742,31,,,,,,False,True
Shrub Swamp,2025,2,-5.379281474647962,0.4039249944619595,-0.5585157118136902,0.4517482688638121,0.7231474174858119,-0.6643572551745586,0.9665284973000544,-15.180122167692147,-9.800840692250658,0.5262735602705279,-7.348428959322678,0.689652062377246,0.857532436268662,14.032142857142857,28,,,,,,False,True
Shrub Swamp,2025,3,-5.61949233744197,0.4802413934871174,-0.5280404524968019,0.4825880605906905,0.7553338982803972,-0.6782540634004212,0.9289236366087246,-15.332317368876009,-9.712825037872411,0.572721117452735,-7.433927776895416,0.7493641711548713,0.8490005039120868,13.128387096774194,31,,,,,,False,True
Shrub Swamp,2025,4,-5.704608082353312,0.526655905595732,-0.5103755822284025,0.5042232086242906,0.779266742330843,-0.6902921211876798,0.9169936550577702,-15.349591497760638,-9.644983425895742,0.6033819521836219,-7.445547337737981,0.7887811654971453,0.8478409872083905,11.962333333333333,30,,,,,,False,True
Shrub Swamp,2025,5,-5.546464075668494,0.5494705756235199,-0.5033395182258027,0.5216446040488422,0.8004965393864065,-0.7073385615820137,0.9471703288714188,-15.262408173716915,-9.715944109272298,0.6238705730195896,-7.394411507446573,0.815120952350984,0.8529438349135349,11.063870967741936,31,,,,,,False,True
Shrub Swamp,2025,6,-5.361772270858397,0.534303124049949,-0.514688427057317,0.5169889112764633,0.8025888478084918,-0.7122559213651612,0.9786507387693538,-14.844858161621568,-9.483085899935553,0.6179602943783014,-7.17776639841154,0.8075228089276336,0.8745628639029971,11.089333333333334,30,,,,,,False,True
Shrub Swamp,2025,7,-5.182124574524771,0.4946937724246256,-0.5237446112421502,0.5057369299543977,0.7938016661827245,-0.7020802110758806,1.0043717903485956,-14.549378904507574,-9.367254333103189,0.5980774561872493,-7.023596505446734,0.7819618048857069,0.8899474871707649,11.732903225806453,31,,,,,,False,True
Shrub Swamp,2025,8,-4.984982801095393,0.4629205702609095,-0.5445114930831603,0.4977059184775779,0.8036910741145622,-0.7102478200965073,1.0302154796406269,-14.243869674540996,-9.258886875653353,0.5881058542843499,-6.864380967912279,0.7691425004134106,0.9058356156259222,12.226451612903226,31,,,,,,False,True
Shrub Swamp,2025,9,-4.907816456594645,0.4422100421382881,-0.5529081837762939,0.5016689386545814,0.7989537271807174,-0.7096394144523663,1.0366097943610404,-14.32490345880906,-9.417086999264397,0.5809442359911957,-6.903299280076766,0.7599356581920403,0.9019519548193036,13.061333333333332,30,,,,,,False,True
Shrub Swamp,2025,10,-4.984547132710602,0.4200564938126447,-0.5652069417589215,0.4974986055974656,0.7909206221762922,-0.7093327035454806,1.02263255499753,-14.59744607224784,-9.61289893679226,0.5694919071954675,-7.043064896688293,0.7452127589849833,0.8880047351903294,13.84032258064516,31,,,,,,False,True
Shrub Swamp,2025,11,-5.164092455517575,0.3983519000961291,-0.5803778487088438,0.4921283783674801,0.7799321479412828,-0.7101006948189944,0.9943069033712256,-15.058614735413684,-9.894522280113549,0.556804142134964,-7.280730641918396,0.728901606076215,0.8642880555993727,13.808333333333334,30,,,,,,False,True
Shrub Swamp,2025,12,-5.446452425015563,0.3770962609887416,-0.5984209046260607,0.485558256964625,0.7659883044756892,-0.7119433882729076,0.9516328394821282,-15.708409448306597,-10.261957029228268,0.5428809408096853,-7.6162965157670754,0.7110021994657357,0.8308019160464336,13.55258064516129,31,,,,,,False,True
Spikerush,2023,1,-12.66120742665643,-0.0096140982310894,-0.105975821765722,0.0349367878902715,0.3227693805597682,-0.3411248555748761,0.2381258513008264,-27.01920715420123,-14.357999731192551,0.1160306900729834,-13.450072115187346,0.1622515191283337,0.2486490838701499,16.19483870967742,31,10.848722986247544,25.67826187449439,53.12470819369005,84.91179937593895,4.683874956662428,False,False
Spikerush,2023,2,-9.458861179101715,0.0559710254012367,-0.2038792127866386,0.1008736079716769,0.3302661231597633,-0.3817222275494735,0.5185348075491988,-21.7528444638274,-12.293983287382844,0.162370252177559,-10.74678853069069,0.2218247914587011,0.5184099219535984,15.809642857142858,28,10.866173581416843,28.433294811048174,34.717912862591014,97.00948803883044,3.2948965676643933,False,False
Spikerush,2023,3,-7.496964322710221,0.1011412406090751,-0.2675103975642208,0.1410532957522111,0.3317650987716908,-0.4052004208970138,0.6949282436969936,-18.22986639816363,-10.732902076257831,0.191319878377659,-8.941201138358672,0.2590418881932126,0.6985896008381155,15.008387096774193,31,28.24118802727377,29.62740090142146,26.307662082514724,137.55139258060785,2.26184560268115,False,False
Spikerush,2023,4,-6.775516857481941,0.1258965473924259,-0.2968693760984684,0.155475851231874,0.3272663073955507,-0.4115594356174972,0.7673061597442112,-16.450272957209897,-9.674756097817522,0.2028795686732835,-8.033309938191287,0.2739028093318685,0.7891881205237014,14.314666666666666,30,181.9708771524326,30.91073616086905,57.17603143418464,142.006390847105,4.134114180053159,False,False
Spikerush,2023,5,-7.009030260075283,0.1416086231757373,-0.3083422270961328,0.1711651988712161,0.3426694769031958,-0.4181233443538049,0.7653674070729547,-16.022095341840224,-9.013065073892404,0.2184810996500497,-7.819705817183738,0.2939598450792517,0.810503689127579,13.953225806451613,31,110.5875418929851,31.746365422396845,39.40318964520974,168.78529989598977,3.7682341384490905,False,False
Spikerush,2023,6,-8.857977878498062,0.1173690385795524,-0.2620602080031474,0.0981990587616147,0.290480685158758,-0.3589055023287428,0.6225400403237339,-18.23408693134583,-9.376109046716188,0.168682927499975,-8.961408454059086,0.229940248511722,0.6965731115396848,14.194666666666667,30,202.24176586155085,32.96892407257598,78.29684502484683,153.21518548480296,3.421560152548248,False,False
Spikerush,2023,7,-10.873539468739736,0.0819882413762692,-0.2014444305281063,0.0361121392908904,0.2753614035130243,-0.3315850443226864,0.4346026333862672,-20.61947959770257,-9.7459401229074,0.1311539280600613,-10.20108913899086,0.181693670374562,0.5728652984042286,14.896129032258063,31,189.7768404021726,34.69369004969374,96.20873685427016,162.05787588119722,3.2566450941869878,False,False
Spikerush,2023,8,-13.034888668942102,0.0468231469014688,-0.0739137313157651,-0.0220411493570514,0.2629056358578761,-0.2897030079431494,0.277223986578322,-23.689605983592863,-10.654717308317338,0.0958958778007645,-11.775496993568495,0.1363665819313271,0.4157550400607231,15.324516129032258,31,219.71466543395357,34.81335952848722,125.39326245232866,158.19248815439727,3.4368658268808487,False,False
Spikerush,2023,9,-14.110783632431009,0.0393940975598897,-0.0610599182748755,-0.0255636960140824,0.2986096447702459,-0.3078238159298991,0.2123529970386614,-25.554376697141613,-11.443593061157298,0.1041466821053511,-12.724100098422817,0.1469736612704124,0.3210938768584504,15.446333333333333,30,218.83254362648785,33.258511498902095,125.41852536692473,129.9418120882931,3.997133941985437,False,False
Spikerush,2023,10,-14.366426733765168,0.0384595553968509,-0.0825711742541799,-0.0044998137891389,0.330435174885016,-0.3468496146725407,0.1928175379293604,-26.23752122040669,-11.871094480725066,0.1214649721642426,-13.07055622424189,0.1692377303103046,0.2865209983798129,16.174193548387095,31,52.76655495203973,30.89432566739858,76.7766670518895,127.0104356870449,3.287496821911475,False,False
Spikerush,2023,11,-13.810647844033618,0.0482124607007451,-0.147005741284571,0.0475909843468387,0.374324171801213,-0.4131199890508545,0.231799350042455,-25.893614428689368,-12.082966573934218,0.1567092056162656,-12.888857374153687,0.2145470561251269,0.3046527380018397,16.04,30,129.881428406333,28.30137524557956,95.47457529180626,92.01225008667512,4.276210562810586,False,False
Spikerush,2023,12,-12.443446963236354,0.0686528134715725,-0.2543636193660489,0.1307086983938506,0.4302766355188368,-0.5066349390648406,0.3292984333779455,-24.52265632198964,-12.079209340784756,0.20987938246142,-12.1790035481582,0.2829016387148794,0.3754890957245311,15.893870967741934,31,111.34519819715705,25.379637120073955,109.91108286143528,80.7618976077661,5.553664624985551,False,False
Spikerush,2024,1,-14.174661957712145,0.0122406447800353,0.1123114148437197,-0.0307533437316768,0.1660044837278551,-0.1839933785104322,0.2056039768280414,-28.842545262551354,-14.667883289417386,0.0491639282587378,-14.369871633213211,0.0762888636673203,0.1568622324001773,16.130967741935486,31,69.3285565699757,24.821530105165834,102.72956200161786,75.44114180053161,5.8571697677106185,False,False
Spikerush,2024,2,-11.758435525348943,0.0479555392768804,-0.0997865977583845,0.0306940640876678,0.2208937979418382,-0.2926459364173559,0.3797611485405402,-24.87058302205737,-13.112147486934983,0.0998478004354621,-12.340351221450192,0.1414470995852076,0.3593882013086883,16.302758620689655,29,95.20547786894714,24.432994337224084,104.02871836357323,86.58950652952731,6.323879579336646,False,False
Spikerush,2024,3,-9.844608224049294,0.0807414265244138,-0.2617554604824926,0.0819835954864642,0.2669159110448927,-0.373454862033263,0.5232798511697072,-21.65340222434932,-11.808793995505752,0.1432136443519236,-10.695881148183666,0.1971974155601717,0.5234899728400415,15.720967741935485,31,146.1535883508609,28.838518432913425,116.20179128625904,114.70615971339416,7.28428290766208,False,False
Spikerush,2024,4,-8.433180053813187,0.1105983065226357,-0.3735951733286048,0.1231152504647124,0.3040708230370185,-0.4264201553581538,0.6361600847155425,-19.191002869427177,-10.757822815129682,0.1792614600081222,-9.436461413413626,0.2435398115922128,0.649167546994238,14.777999999999999,30,20.448514965907773,29.410273893447357,45.67791517392811,162.5548826996417,7.542050156015254,False,False
Spikerush,2024,5,-6.960211789973344,0.150458636675699,-0.4583131991324214,0.1698865829737614,0.3424207735716471,-0.4607666856696796,0.780441353263281,-16.347658276758175,-9.387446489989768,0.2209219977403692,-7.978718800864501,0.2970978179055188,0.7946357735341585,13.608064516129033,31,54.31595978273431,33.871778573905,31.7291459609384,177.0796255633884,5.9464151161446885,False,False
Spikerush,2024,6,-6.746243218574596,0.1843731004273239,-0.4490913669825083,0.2001302969562833,0.3689644566193682,-0.4550590324812579,0.8079037754057914,-15.5155451827839,-8.769301972672302,0.2511559513343251,-7.555796649656251,0.3359660218607431,0.8368392014720509,13.127333333333333,30,342.5661620247312,33.37382410724603,125.41852536692473,151.43195423552518,6.659791979660234,False,False
Spikerush,2024,7,,0.1863772837276007,-0.407480276751465,0.2122116239629251,0.3906003133667878,-0.4420131033972487,,,,0.2630630736857712,,0.3512735951371782,,13.528387096774193,31,217.24927770715357,34.521795908933306,125.41852536692473,156.47926730613656,6.790134057552292,False,False
Spikerush,2024,8,-8.651368141855182,0.1472340863108668,-0.3422444056328161,0.1167368419392745,0.3332776622021786,-0.3878797575047802,0.6619710602105846,-18.66166022526536,-10.010292087604231,0.1990828634841066,-9.165337348628547,0.2690218363161433,0.6762230343875935,13.985806451612904,31,251.05396972148375,34.30658731075927,125.41852536692473,149.59214145383098,7.2014422743557125,False,False
Spikerush,2024,9,-11.434336616604426,0.0950770865668441,-0.2700151309648003,0.0484018502675018,0.3012303243756642,-0.3294135976876423,0.4391905456544626,-23.131038296913434,-11.696701682836409,0.1482364204033367,-11.455721512674952,0.2036546022916738,0.4476654553124186,14.858,30,206.72009707615848,33.737351207673626,125.41852536692473,128.42005084941638,7.235292961978502,False,False
Spikerush,2024,10,-12.022098240759668,0.0685734135379361,-0.2946902028003911,0.0460932775649869,0.3261180966227663,-0.3647243192825825,0.3830512857892352,-24.70076043812614,-12.678662200709963,0.1469282625752298,-12.254617398451634,0.2019728591114287,0.367943584871414,15.86516129032258,31,148.93713163064828,30.84186987172078,125.41852536692473,119.5408297700219,7.416782618744942,False,False
Spikerush,2024,11,-11.809703709795771,0.0473684312471574,-0.3705245058900149,0.0754587978779242,0.3799716374408896,-0.4456818288708847,0.3870902895059095,-25.43162811211018,-13.621924408054609,0.1675996221886571,-12.619041485113662,0.2285475715118307,0.3315776824557233,16.026,30,17.326360799722643,28.480735005200497,75.10265803767479,96.0326823067144,6.580871374089909,False,False
Spikerush,2024,12,-10.797153023712726,0.0314621396945081,-0.4975180402336723,0.1364984112063139,0.4627909468300341,-0.5722861264525495,0.451307556804486,-25.32364131886555,-14.526488304870329,0.2102504992436187,-12.54899377266103,0.2833787394928799,0.3385677480653471,15.398387096774194,31,36.89968796949035,25.03215069917947,53.69633653068298,82.65476713278628,6.103562926152778,False,False
Spikerush,2025,1,-5.930229305264066,0.0964743175706905,-0.4112592794935321,0.1974680981813241,0.4173312031104076,-0.5487092082934052,0.8966286277881169,-15.84583497507031,-9.915605673868562,0.237091206287474,-7.698760331603705,0.31788464929528,0.822572846703052,14.705483870967742,31,,,,,,False,True
Spikerush,2025,2,-6.668755465201355,0.1221810262951287,-0.4801818833057095,0.193477737444203,0.3606400973354229,-0.4814471621510044,0.8084123986781441,-17.562189721215365,-10.89343425772507,0.2254329536915849,-8.578991761365913,0.3028970183111163,0.7347344972373009,14.032142857142857,28,,,,,,False,True
Spikerush,2025,3,-7.254115819065677,0.1425864673343824,-0.5243353298861279,0.1925721271045204,0.3262614498548439,-0.4344894934206549,0.7405539964798341,-18.7047484184214,-11.450632600575917,0.2204733480979156,-9.167235710395788,0.2965210423358556,0.6760335967480304,13.128387096774194,31,,,,,,False,True
Spikerush,2025,4,-7.686310366857035,0.1576906406884516,-0.5437196192347873,0.1947512671622763,0.3141952606686706,-0.4078362021023564,0.6930534211931869,-19.273511066688425,-11.587200702421091,0.2222123895064661,-9.46349217869334,0.298756721369498,0.6464701452352395,11.962333333333333,30,,,,,,False,True
Spikerush,2025,5,-8.17866184917499,0.1645453581411556,-0.5392583226571271,0.1982621046052607,0.3225346718838019,-0.3968838310024595,0.6321265820471316,-19.582496401428745,-11.403834560645226,0.2284473782100727,-9.633216557300456,0.3067723059617409,0.6295333388717395,11.063870967741936,31,,,,,,False,True
Spikerush,2025,6,-8.18554576007747,0.1744350410419578,-0.5188576983443461,0.2106805411381768,0.3665994370047943,-0.4225276290324558,0.6467738903754638,-18.871851179789736,-10.686305436651084,0.250571673061643,-9.274232121535707,0.3352148846666398,0.6653564181839472,11.089333333333334,30,,,,,,False,True
Spikerush,2025,7,-8.666220420104631,0.175472148969884,-0.4543833782297777,0.2204059969630405,0.4191917530242706,-0.4546881033647668,0.6242556510342772,-18.211265147547344,-9.545044744142633,0.271689966319065,-8.949568665190082,0.3623641665812555,0.6977546048119226,11.732903225806453,31,,,,,,False,True
Spikerush,2025,8,-9.64547903659872,0.1734831935339594,-0.4357701039559232,0.2335315078998765,0.4676958034110456,-0.4965559527430631,0.538320470564475,-18.210849121798223,-8.56537008793708,0.2915701682816272,-8.970844443942386,0.387921781537256,0.6956314935186736,12.226451612903226,31,,,,,,False,True
Spikerush,2025,9,-9.739067165009992,0.1743421067586782,-0.47857087060041,0.2478590540092703,0.4951439498581811,-0.5355203013330596,0.5231569762892957,-18.53858537963039,-8.799518217379308,0.3057817035420432,-9.1385034464326,0.4061918648494543,0.678900791167142,13.061333333333332,30,,,,,,False,True
Spikerush,2025,10,-9.247443003782635,0.1671621712313681,-0.5269440331125355,0.2550596459516474,0.4904191500174721,-0.5492896897950903,0.5646226928840306,-18.26829896633345,-9.020855961273169,0.3042136557334959,-8.992993809626306,0.40417601198242,0.6934212069308447,13.84032258064516,31,,,,,,False,True
Spikerush,2025,11,-8.182535762317988,0.1540914253817805,-0.5988719663391513,0.2590646981440718,0.4604626794292456,-0.5492387634140159,0.6560340650761818,-17.628796572158937,-9.446260803689984,0.2912062676516994,-8.650389768272682,0.3874539577093364,0.7276096856595899,13.808333333333334,30,,,,,,False,True
Spikerush,2025,12,-6.544345440616049,0.1351298692099155,-0.6943546702802574,0.2598742105865435,0.4052745380935014,-0.535367522189836,0.797391092865749,-16.62007819710683,-10.075732744629754,0.2667595392966535,-8.110691322371721,0.3560257020302035,0.7814662273533782,13.55258064516129,31,,,,,,False,True
Torpedograss,2023,1,-11.938348343866824,0.0757242786970735,-0.2098202659729172,0.2271589693329138,0.5217336795933967,-0.536437812313597,0.2295664245738334,-20.255156436672625,-8.316808094991252,0.2748723092077946,-10.070186612739215,0.3664553269407569,0.5859280696914886,16.19483870967742,31,10.848722986247544,25.67826187449439,53.12470819369005,84.91179937593895,4.683874956662428,False,False
Torpedograss,2023,2,-7.974006143680119,0.1253391108619085,-0.3419952228184226,0.2193536495205399,0.4491728766681927,-0.5075117257031768,0.6794087553273116,-16.88059382945243,-8.906587688953234,0.2646218790168804,-8.270444726689618,0.3532775660484834,0.7655244251382385,15.809642857142858,28,10.866173581416843,28.433294811048174,34.717912862591014,97.00948803883044,3.2948965676643933,False,False
Torpedograss,2023,3,-5.463073568497189,0.1610005729780337,-0.4378590309978609,0.214030853017349,0.3979551020786527,-0.4839596459796386,0.9676004325122664,-14.619010392228446,-9.155936827421836,0.2576621760246785,-7.067605088908802,0.3443303023527832,0.885555867872783,15.008387096774193,31,28.24118802727377,29.62740090142146,26.307662082514724,137.55139258060785,2.26184560268115,False,False
Torpedograss,2023,4,-4.405550618318022,0.1827086650454491,-0.4974116905112322,0.2111905798233408,0.3680803558247767,-0.4657815731429822,1.0941414561286975,-13.47040612500067,-9.064855510397065,0.2539932002311889,-6.461667699396765,0.339613535853656,0.9460223978951224,14.314666666666666,30,181.9708771524326,30.91073616086905,57.17603143418464,142.006390847105,4.134114180053159,False,False
Torpedograss,2023,5,-4.7593013661066434,0.1930437482661801,-0.5578320307730913,0.2205546358460576,0.3639335665856478,-0.4572208946347325,1.0810601719759096,-13.606411649637526,-8.847110286773852,0.2591773168992952,-6.532940782635528,0.3462781390573838,0.93891005245806,13.953225806451613,31,110.5875418929851,31.746365422396845,39.40318964520974,168.78529989598977,3.7682341384490905,False,False
Torpedograss,2023,6,-6.615581787306558,0.1789714884125374,-0.5056532742029587,0.2148241908449984,0.3810706243648431,-0.4452970795950737,0.8760634592925514,-14.846191854433895,-8.2306100696525,0.2582887678741263,-7.204080063025101,0.345135837087939,0.8719370216643543,14.194666666666667,30,202.24176586155085,32.96892407257598,78.29684502484683,153.21518548480296,3.421560152548248,False,False
Torpedograss,2023,7,-8.593512165901556,0.1757766410989925,-0.418074703177525,0.2160421930592699,0.4215744349121814,-0.4483902285419433,0.6227335313862878,-15.829453966777212,-7.23594180094082,0.2711310896901479,-7.759043600558325,0.3616456852641808,0.816557175521208,14.896129032258063,31,189.7768404021726,34.69369004969374,96.20873685427016,162.05787588119722,3.2566450941869878,False,False
Torpedograss,2023,8,-10.930944139803051,0.1561835190708858,-0.2960068789620473,0.2001500677270175,0.4488979930389749,-0.4446259238230284,0.388696231577735,-17.21103093573779,-6.280086793820054,0.2684105266122927,-8.508341409445789,0.3581481803727178,0.7417847002771022,15.324516129032258,31,219.71466543395357,34.81335952848722,125.39326245232866,158.19248815439727,3.4368658268808487,False,False
Torpedograss,2023,9,-12.286715351690962,0.1399439423124341,-0.2354582912452253,0.1892975299444164,0.4725573765371585,-0.4538349391966971,0.2706623481974195,-18.56569426146692,-6.278978907186203,0.2672662829313363,-9.215181543036667,0.3566771621472092,0.6712490791080802,15.446333333333333,30,218.83254362648785,33.258511498902095,125.41852536692473,129.9418120882931,3.997133941985437,False,False
Torpedograss,2023,10,-12.679285927231088,0.1339252830172543,-0.2352547326470819,0.1913581759137007,0.4809182788480962,-0.4730053629320785,0.2310816733253774,-19.201496894943624,-6.522210966945913,0.2687339125930171,-9.542978028948813,0.3585639193271351,0.6385382472635793,16.174193548387095,31,52.76655495203973,30.89432566739858,76.7766670518895,127.0104356870449,3.287496821911475,False,False
Torpedograss,2023,11,-12.222855210380398,0.1322993452003438,-0.2843801170745099,0.2004469811032678,0.477141362709802,-0.5005221372320608,0.2771074418214331,-19.43392372005256,-7.211068512886193,0.2699625630044712,-9.64768500037443,0.3601434492630287,0.6280895320318721,16.04,30,129.881428406333,28.30137524557956,95.47457529180626,92.01225008667512,4.276210562810586,False,False
Torpedograss,2023,12,-10.917423201138892,0.1350661288617027,-0.3828344445275091,0.2165639455131176,0.4612266281222757,-0.5363852620966438,0.4087396536855864,-19.262974736793726,-8.345551545007046,0.2709522341656987,-9.52930245731352,0.3614157519548897,0.6399029334129586,15.893870967741934,31,111.34519819715705,25.379637120073955,109.91108286143528,80.7618976077661,5.553664624985551,False,False
Torpedograss,2024,1,-12.742958466786904,0.0897569694660608,-0.1708068529084987,0.1411325551060134,0.3626104733347438,-0.4111693549229184,0.2145025680411878,-21.76880804555145,-9.025849579856182,0.197833332635606,-10.830778381038336,0.2674154628818209,0.5100285695308545,16.130967741935486,31,69.3285565699757,24.821530105165834,102.72956200161786,75.44114180053161,5.8571697677106185,False,False
Torpedograss,2024,2,-10.322946591412002,0.1171780498989076,-0.2823194157750758,0.1539043412990757,0.3499397324361145,-0.4323425209529722,0.4485680810215102,-19.22252268096153,-8.89957608737476,0.2070073745446992,-9.499119319681697,0.2792094391776533,0.642914910606267,16.302758620689655,29,95.20547786894714,24.432994337224084,104.02871836357323,86.58950652952731,6.323879579336646,False,False
Torpedograss,2024,3,-8.273351195114692,0.1447964497078193,-0.3750624847821641,0.1712811352186589,0.3483880055670662,-0.4497863339986481,0.6573309079331815,-17.244110925390057,-8.970759726521466,0.2214885301645147,-8.45772273477326,0.2978261413694187,0.7468359409906722,15.720967741935485,31,146.1535883508609,28.838518432913425,116.20179128625904,114.70615971339416,7.28428290766208,False,False
Torpedograss,2024,4,-6.594172277894965,0.1726121688927958,-0.4490360599297639,0.193262936864763,0.3579552927275988,-0.4635007940599464,0.840791048776202,-15.833572778837032,-9.239400497296302,0.2412767994950525,-7.706588626313024,0.323265569457117,0.8217916606840707,14.777999999999999,30,20.448514965907773,29.410273893447357,45.67791517392811,162.5548826996417,7.542050156015254,False,False
Torpedograss,2024,5,-4.81409406305902,0.2114331761808671,-0.5417336091666691,0.229815075485829,0.3791239611344739,-0.4750599286068481,1.0741934301453553,-14.788855798793245,-9.974761735879415,0.2734574042670567,-7.125879541896581,0.3646363516736635,0.8797406565619931,13.608064516129033,31,54.31595978273431,33.871778573905,31.7291459609384,177.0796255633884,5.9464151161446885,False,False
Torpedograss,2024,6,-3.576665970503938,0.2407149262333199,-0.5570888394774558,0.2568576078177553,0.4125545956718087,-0.4786435971380369,1.2177628327062142,-13.99392604907614,-10.417260079977854,0.3033757099076279,-6.69252231671293,0.4030987645373562,0.922985401184976,13.127333333333333,30,342.5661620247312,33.37382410724603,125.41852536692473,151.43195423552518,6.659791979660234,False,False
Torpedograss,2024,7,,0.2602853553159174,-0.5323292534125512,0.2653495905866186,0.4333133131985634,-0.4692461505912846,,,,0.3196494197003665,,0.4240199407694565,,13.528387096774193,31,217.24927770715357,34.521795908933306,125.41852536692473,156.47926730613656,6.790134057552292,False,False
Torpedograss,2024,8,-5.253638121078705,0.2354799209586089,-0.4810827660545619,0.2324337819117656,0.4174328157849154,-0.4635828836416141,1.0469558768768052,-15.545500631698465,-10.29186251282645,0.29511550621843,-7.511011347181703,0.3924796015256215,0.8413083296088995,13.985806451612904,31,251.05396972148375,34.30658731075927,125.41852536692473,149.59214145383098,7.2014422743557125,False,False
Torpedograss,2024,9,-7.779497541294186,0.1813582834332608,-0.4350589646703291,0.202144280557327,0.4061491375470355,-0.4686428135987431,0.7708416288745872,-17.666397736461796,-9.886900199997743,0.2632172338458745,-8.640488462219784,0.3514717805490212,0.7285977376102875,14.858,30,206.72009707615848,33.737351207673626,125.41852536692473,128.42005084941638,7.235292961978502,False,False
Torpedograss,2024,10,-8.798598224272192,0.1553284904248055,-0.431376208138148,0.1992482413364879,0.416022891009779,-0.493682464226863,0.6449632126134794,-18.616863012959204,-9.818264793022989,0.2568665409236908,-9.147190704410226,0.3433074487824414,0.6780338891498576,15.86516129032258,31,148.93713163064828,30.84186987172078,125.41852536692473,119.5408297700219,7.416782618744942,False,False
Torpedograss,2024,11,-9.561967978093298,0.1305435491125318,-0.4482036033658244,0.2080725962240952,0.4350480297939627,-0.5326459726066868,0.5364451431639098,-19.39357978531308,-9.83161180949958,0.2578880583768632,-9.562678607435512,0.3446206924702159,0.6365723253034198,16.026,30,17.326360799722643,28.480735005200497,75.10265803767479,96.0326823067144,6.580871374089909,False,False
Torpedograss,2024,12,-10.069606802757503,0.1070034594964396,-0.4855411503533584,0.2286173452201491,0.4632245538995865,-0.5855333387382144,0.445287420525879,-19.99654805352342,-9.926941249427518,0.2662817862053918,-9.88695217129564,0.3554115116123445,0.6042130460709738,15.398387096774194,31,36.89968796949035,25.03215069917947,53.69633653068298,82.65476713278628,6.103562926152778,False,False
Torpedograss,2025,1,-4.62357784962536,0.1710293590603371,-0.5821115358269532,0.2428056048485223,0.4022107379216119,-0.5389341559423285,1.089971523674494,-14.057917384031123,-9.43433953774778,0.2720152339434905,-6.7564658119324426,0.3627823245415404,0.9166044757950808,14.705483870967742,31,,,,,,False,True
Torpedograss,2025,2,-5.106968214142055,0.1584268371555245,-0.6200415285040148,0.2209377057895247,0.3507878412172116,-0.474361873684614,1.0222262844200305,-15.252773827439706,-10.145805613627624,0.2433841280540869,-7.370830342697338,0.3259747115472733,0.8552970008197014,14.032142857142857,28,,,,,,False,True
Torpedograss,2025,3,-5.522056695685781,0.1585891563488923,-0.6290340026917456,0.2140738512912738,0.3309557208994108,-0.4338383332080343,0.9688592142353468,-16.175768307145308,-10.653711610004033,0.234539576179859,-7.845669349649944,0.3146043214634314,0.807912786597834,13.128387096774194,31,,,,,,False,True
Torpedograss,2025,4,-5.86884329425654,0.1715163166404403,-0.6090889583901459,0.2222140413537696,0.3427143769682095,-0.4173635345125891,0.9298703131204432,-16.82690082314794,-10.958057526877012,0.2454815783208065,-8.180982832790264,0.3286711542900145,0.7744518331294781,11.962333333333333,30,,,,,,False,True
Torpedograss,2025,5,-6.3363380593599565,0.2033087420766302,-0.5465738319809461,0.2562754103834359,0.4006799261197881,-0.4300054459381659,0.8824790356798332,-17.525398644222353,-11.18906058309586,0.2867546928599514,-8.542079562749585,0.3817310966091532,0.738417967847395,11.063870967741936,31,,,,,,False,True
Torpedograss,2025,6,-6.558617569895667,0.2442378739593148,-0.4798291182322923,0.2909601668421132,0.4760715803278929,-0.4632828717732059,0.8752952863759966,-17.562381299962038,-11.00376373114734,0.3370898737097736,-8.562366828657263,0.4464410614939674,0.7363935003127778,11.089333333333334,30,,,,,,False,True
Torpedograss,2025,7,-6.888596168379123,0.2689174623129053,-0.4119753436088075,0.307325229881227,0.5333349444917529,-0.4992191848980398,0.848790543692546,-16.985514409080693,-10.096918245803302,0.3698592122286284,-8.280559569892644,0.4885687087786829,0.7645150643019654,11.732903225806453,31,,,,,,False,True
Torpedograss,2025,8,-7.434468803731498,0.2667973703891659,-0.3948269015198452,0.3056685712366652,0.55428560358843,-0.5316656433406233,0.7751164846123064,-16.69127974899714,-9.256810950406884,0.3755838484047538,-8.151860754630803,0.4959281937289932,0.7773579271316323,12.226451612903226,31,,,,,,False,True
Torpedograss,2025,9,-6.945909250697387,0.2461419681179122,-0.4403559864305817,0.2840485229902801,0.5250230583922418,-0.5444731384014532,0.8220151920302118,-16.252094311812435,-9.306185064029144,0.351737849833478,-7.920543358627188,0.4652722249982077,0.8004411045559627,13.061333333333332,30,,,,,,False,True
Torpedograss,2025,10,-6.633551992539179,0.2263411756605935,-0.4879363780679466,0.2726187489712918,0.4953184504931965,-0.5468510623925652,0.8564711666126325,-16.283893131773176,-9.65034114200638,0.3314261250416939,-7.927828774926525,0.4391598523825643,0.79971409240749,13.84032258064516,31,,,,,,False,True
Torpedograss,2025,11,-6.257200992817999,0.1977335005699666,-0.55827872783457,0.2598896181342714,0.4474732154594853,-0.5374873725856469,0.9029061961711714,-16.57459926181187,-10.31739827147974,0.3016987780545745,-8.061573082484609,0.4009429323839152,0.786367739585806,13.808333333333334,30,,,,,,False,True
Torpedograss,2025,12,-5.816856251533851,0.1603189428460316,-0.6513830357304516,0.245861130479219,0.381487353291108,-0.5163820689806984,0.9613202807058284,-17.12421270192851,-11.307356452449229,0.2625558088721196,-8.321776281301439,0.3506214650022605,0.7604020460909106,13.55258064516129,31,,,,,,False,True
Willow,2023,1,-6.987367831167061,0.2180700801855169,-0.4529603833669256,0.3175334879009692,0.6092972170216423,-0.5525476520986907,0.730327604573273,-13.331301955122404,-6.343934124726546,0.3816335950360428,-6.483069076610684,0.5037056345857319,0.943886753123528,16.19483870967742,31,10.848722986247544,25.67826187449439,53.12470819369005,84.91179937593895,4.683874956662428,False,False
Willow,2023,2,-6.345757795355176,0.3732324285864589,-0.4350725082795476,0.3975864004371183,0.7101076068292306,-0.6048968247559322,0.8205622314702986,-13.575409645940269,-7.229651850666526,0.4936421452842692,-6.582564265122918,0.6477017270004326,0.9339581220349296,15.809642857142858,28,10.866173581416843,28.433294811048174,34.717912862591014,97.00948803883044,3.2948965676643933,False,False
Willow,2023,3,-5.897753705948238,0.4782910604539577,-0.4258482934996544,0.4489128829765216,0.7776024085407511,-0.6399818655187767,0.8835465560701574,-13.706813219569549,-7.809059513366471,0.5682687839904101,-6.632519970703525,0.743640334722017,0.928973039048535,15.008387096774193,31,28.24118802727377,29.62740090142146,26.307662082514724,137.55139258060785,2.26184560268115,False,False
Willow,2023,4,-5.643355562946246,0.5332459757880135,-0.4252877390272461,0.471512935519179,0.8117816221562042,-0.6578027743872241,0.9192805783728494,-13.725512676010243,-8.082157112826383,0.6055135111544656,-6.632936193352506,0.7915214577504848,0.9289315041643436,14.314666666666666,30,181.9708771524326,30.91073616086905,57.17603143418464,142.006390847105,4.134114180053159,False,False
Willow,2023,5,-5.666740553724846,0.5278699754648317,-0.4498968188420247,0.4560089395362437,0.8016676801062462,-0.6587262229870964,0.91702529536661,-13.704264824499832,-8.037524271023646,0.5951821983691072,-6.622876088470428,0.7782397157110711,0.9299354026601436,13.953225806451613,31,110.5875418929851,31.746365422396845,39.40318964520974,168.78529989598977,3.7682341384490905,False,False
Willow,2023,6,-5.702008443885601,0.4792557702130427,-0.459991724003486,0.4199735139750725,0.7687501792597676,-0.6380834479249682,0.9124569776101608,-13.404157365283766,-7.702148922016321,0.5559931544826276,-6.473964438393882,0.7278590155536683,0.9447953055410016,14.194666666666667,30,202.24176586155085,32.96892407257598,78.29684502484683,153.21518548480296,3.421560152548248,False,False
Willow,2023,7,-5.853826673642241,0.4320238002120614,-0.4580374687210454,0.3941703150526429,0.7441998050807147,-0.6181606877306387,0.8892752744616278,-13.21394821125136,-7.360121538196837,0.5234646401151397,-6.384655287157202,0.6860409672833052,0.9537074713323735,14.896129032258063,31,189.7768404021726,34.69369004969374,96.20873685427016,162.05787588119722,3.2566450941869878,False,False
Willow,2023,8,-6.029148444263248,0.3871346203369673,-0.4531501601957136,0.3825749701134814,0.728256515565088,-0.6047418225576247,0.8642985094531364,-13.104396566044318,-7.075248122912661,0.4993220353385122,-6.336123655941773,0.6550036871752904,0.9585504458487408,15.324516129032258,31,219.71466543395357,34.81335952848722,125.39326245232866,158.19248815439727,3.4368658268808487,False,False
Willow,2023,9,-6.310848396298864,0.3475061990435005,-0.4609959991478204,0.3720194225003957,0.7104791710019405,-0.5977200347983881,0.8247950501870962,-13.274956095423937,-6.964107699363384,0.4766682641819456,-6.431279285224772,0.6258804236585921,0.9490548596472216,15.446333333333333,30,218.83254362648785,33.258511498902095,125.41852536692473,129.9418120882931,3.997133941985437,False,False
Willow,2023,10,-6.615272154242643,0.3024214923016231,-0.4732096421646602,0.3528731735297659,0.6705064779097212,-0.5849817528378245,0.7842921457722682,-13.40552608376302,-6.790253929337933,0.44193371458037,-6.506690005392832,0.5812263378470434,0.9415296191620284,16.174193548387095,31,52.76655495203973,30.89432566739858,76.7766670518895,127.0104356870449,3.287496821911475,False,False
Willow,2023,11,-6.976995988131827,0.2545770125095136,-0.4922662052623681,0.3290969852787185,0.6169882336191168,-0.5710561519757912,0.7372499322964448,-13.597714178811367,-6.620718190254774,0.4002207438024496,-6.6145446062253805,0.5276009245931632,0.9307668017948074,16.04,30,129.881428406333,28.30137524557956,95.47457529180626,92.01225008667512,4.276210562810586,False,False
Willow,2023,12,-7.396019897966415,0.2039727596671721,-0.5181656884409443,0.3006908577472538,0.5499244381301274,-0.5559432322122879,0.6836684097596258,-13.851520380568978,-6.455500482113907,0.3515293518481844,-6.754843087722418,0.4650041838969517,0.9167664075455584,15.893870967741934,31,111.34519819715705,25.379637120073955,109.91108286143528,80.7618976077661,5.553664624985551,False,False
Willow,2024,1,-7.540378817034151,0.2166423419825107,-0.4197978258699226,0.2824895130358426,0.5353138077613021,-0.5002320782740146,0.6681256365067413,-13.634534481613676,-6.09415566656438,0.3448152209265518,-6.650235832176367,0.4563726230515232,0.9272051721234028,16.130967741935486,31,69.3285565699757,24.821530105165834,102.72956200161786,75.44114180053161,5.8571697677106185,False,False
Willow,2024,2,-6.826432695085992,0.3524444028850992,-0.3919341682832287,0.3596450786353156,0.6504728169683976,-0.5579129032943684,0.7592830282569613,-13.72228832469778,-6.895855630364458,0.4541874328296041,-6.671323405472816,0.5969794883121646,0.9251008418643728,16.302758620689655,29,95.20547786894714,24.432994337224084,104.02871836357323,86.58950652952731,6.323879579336646,False,False
Willow,2024,3,-6.261336305452378,0.4498188899487884,-0.3814738098707212,0.4155347947767158,0.7336217509316519,-0.6018629128466704,0.8326957510748652,-13.775947536255297,-7.514611230812276,0.5329918118857188,-6.679799830361271,0.6982889207090639,0.9242549788942516,15.720967741935485,31,146.1535883508609,28.838518432913425,116.20179128625904,114.70615971339416,7.28428290766208,False,False
Willow,2024,4,-5.845089648133306,0.5087658031735782,-0.3884167506324002,0.4501586614600433,0.7847606096510649,-0.6320821069309206,0.8883638049604533,-13.795512116286227,-7.950422467907839,0.5812283580948955,-6.67566510684173,0.7603009202422208,0.9246675832130408,14.777999999999999,30,20.448514965907773,29.410273893447357,45.67791517392811,162.5548826996417,7.542050156015254,False,False
Willow,2024,5,-5.662699012596389,0.5321678371902513,-0.4284153986326882,0.4601782304292414,0.7940416021318744,-0.6488860701712602,0.9167071275298802,-13.893848730290312,-8.23114971779652,0.5954625565837891,-6.717747583288335,0.7786001389760905,0.9204681702546784,13.608064516129033,31,54.31595978273431,33.871778573905,31.7291459609384,177.0796255633884,5.9464151161446885,False,False
Willow,2024,6,-5.366219056488164,0.495059309076567,-0.4673080775987913,0.4452663512908242,0.7752844327721357,-0.6460485566460686,0.9612939597665596,-13.737994854572428,-8.371775799332145,0.571870031046509,-6.628673937656544,0.748270030426041,0.9293568349269994,13.127333333333333,30,342.5661620247312,33.37382410724603,125.41852536692473,151.43195423552518,6.659791979660234,False,False
Willow,2024,7,,0.4510959275391428,-0.4854317163002666,0.4178324600085102,0.7436148445931818,-0.6249506737301245,,,,0.5375144107136117,,0.7041030889786528,,13.528387096774193,31,217.24927770715357,34.521795908933306,125.41852536692473,156.47926730613656,6.790134057552292,False,False
Willow,2024,8,-5.566725662788127,0.3975562097148071,-0.4914564215143178,0.3864505541731006,0.7059483934138121,-0.6047435592761221,0.9340453641515316,-13.534407268478034,-7.967681607692158,0.4966517191005732,-6.533692293701697,0.6515707786792642,0.9388350591217332,13.985806451612904,31,251.05396972148375,34.30658731075927,125.41852536692473,149.59214145383098,7.2014422743557125,False,False
Willow,2024,9,-5.898574749646397,0.335890461850326,-0.4875489824851325,0.3565600110044856,0.6650580066052005,-0.5850185956300481,0.8868962730698633,-13.364402188900836,-7.465827441773845,0.4525028264866708,-6.460477026812804,0.594813789978405,0.9461412151867948,14.858,30,206.72009707615848,33.737351207673626,125.41852536692473,128.42005084941638,7.235292961978502,False,False
Willow,2024,10,-6.199212086563756,0.2928139426726344,-0.4930245370143603,0.3361461088163089,0.6312540381452058,-0.5755656716760462,0.8442985287784508,-13.356134665574448,-7.156922581280703,0.420071363211383,-6.466992701160114,0.5531205087727923,0.9454910156358894,15.86516129032258,31,148.93713163064828,30.84186987172078,125.41852536692473,119.5408297700219,7.416782618744942,False,False
Willow,2024,11,-6.575289520502372,0.259053773184184,-0.4993985017261905,0.3219604145921044,0.599787044630965,-0.5723790355818439,0.7906064774642168,-13.434758213049186,-6.859468693752968,0.3936004108024178,-6.519727487460077,0.5190899485973482,0.9402286080105798,16.026,30,17.326360799722643,28.480735005200497,75.10265803767479,96.0326823067144,6.580871374089909,False,False
Willow,2024,12,-7.026807051462245,0.2346099533849748,-0.5066708766206232,0.3140029283318721,0.5706570260624788,-0.5754586873474415,0.725820119127161,-13.600272831325052,-6.573465779190637,0.3730899692597753,-6.618681385712693,0.4927221094520734,0.9303539923108656,15.398387096774194,31,36.89968796949035,25.03215069917947,53.69633653068298,82.65476713278628,6.103562926152778,False,False
Willow,2025,1,-6.123094229689549,0.1921802039511096,-0.5137387186065889,0.2969170933090347,0.5545002439016258,-0.5458090895093505,0.8562453887227192,-13.32039037949661,-7.197296150018879,0.3478658470539233,-6.446133842620579,0.46029445081187,0.9475725224350132,14.705483870967742,31,,,,,,False,True
Willow,2025,2,-5.840740918467192,0.3804952833000118,-0.4636673212578136,0.3863911647219961,0.6685143823032721,-0.5968070107521897,0.8952807185544435,-13.83623399354824,-7.995493076808202,0.47846694344176,-6.694296817567297,0.6281927719958098,0.9228083236336604,14.032142857142857,28,,,,,,False,True
Willow,2025,3,-5.626438963639127,0.5141596763057599,-0.4361838543804198,0.4516625886160846,0.7519146159037856,-0.6370023360974942,0.9251297035738272,-14.167650164223565,-8.54121120300689,0.57257896027521,-6.852542656823939,0.7491814165524152,0.9070169614303352,13.128387096774194,31,,,,,,False,True
Willow,2025,4,-5.480188365205354,0.5931733829683541,-0.4312883179744077,0.4927313649913002,0.8047009447031661,-0.6663950655452642,0.9457923437808702,-14.314638891522584,-8.834450528614942,0.6302018975542735,-6.920871360390502,0.8232603844816864,0.9001984358250371,11.962333333333333,30,,,,,,False,True
Willow,2025,5,-5.519228700517648,0.6205287725599791,-0.458826319662074,0.5134702998578821,0.8191843304772637,-0.689391337358465,0.9403498706182511,-14.323420998646046,-8.804192298707736,0.651061134298375,-6.926623031813294,0.8500766281992175,0.8996244761737853,11.063870967741936,31,,,,,,False,True
Willow,2025,6,-5.471146520936383,0.5815389450773423,-0.5026557532837016,0.4953966317122385,0.8093884801571105,-0.6933184650139668,0.9480018801267446,-14.085731039440477,-8.614584518215198,0.628774685648897,-6.805865049616329,0.8214255876115679,0.9116749227749268,11.089333333333334,30,,,,,,False,True
Willow,2025,7,-5.333508568022818,0.5097510452066244,-0.5410893963959902,0.4633438520231214,0.7873470673334666,-0.6835814821117905,0.96949960931479,-13.711497731870816,-8.37798916346559,0.5868139881877376,-6.613373963511109,0.7674817015777596,0.93088362030453,11.732903225806453,31,,,,,,False,True
Willow,2025,8,-5.235546406519509,0.4156143972832381,-0.5685462223812431,0.415111030927312,0.7361983570167892,-0.6568042964770895,0.985400696589892,-13.403735438480556,-8.16818903189182,0.5223079284091131,-6.455517545075498,0.6845539203985,0.9466361221797523,12.226451612903226,31,,,,,,False,True
Willow,2025,9,-5.267710310298432,0.3373465524522177,-0.5836056912176839,0.3665661887819272,0.6690623435169387,-0.6209360218129321,0.9811189993216458,-13.236816985006453,-7.969106674760453,0.4576583615836946,-6.373128742685923,0.6014416492501575,0.9548577059265576,13.061333333333332,30,,,,,,False,True
Willow,2025,10,-5.294760291318485,0.2802582224038261,-0.5969192913121897,0.3358051103948453,0.6163808750487603,-0.5945207124968781,0.977643561791062,-13.149422008500396,-7.854661716767136,0.4108147359491439,-6.330300113698739,0.5412203622951538,0.9591315774936428,13.84032258064516,31,,,,,,False,True
Willow,2025,11,-5.357754292312068,0.2360469934449812,-0.6042183005809937,0.3141859010228721,0.5649221805982739,-0.5696625660846524,0.9687153124458034,-13.126080597209151,-7.768326303581487,0.3717183583553757,-6.320861470164225,0.4909587921864787,0.9600734603226748,13.808333333333334,30,,,,,,False,True
Willow,2025,12,-5.456692313279181,0.2047128655756828,-0.6055027190240957,0.301708560666008,0.51468626016548,-0.5463615825762547,0.9543342512858708,-13.16679275113272,-7.710100435203508,0.3403692288023903,-6.344812812082385,0.4506569389241328,0.9576833544136534,13.55258064516129,31,,,,,,False,True
